Index,Num_c,SMILES,CID,MolecularFormula,MolecularWeight,InChI,InChIKey,IUPACName,XLogP,ExactMass,MonoisotopicMass,TPSA,Complexity,Charge,HBondDonorCount,HBondAcceptorCount,RotatableBondCount,HeavyAtomCount,Volume3D,XStericQuadrupole3D,YStericQuadrupole3D,ZStericQuadrupole3D,FeatureCount3D,FeatureAcceptorCount3D,FeatureDonorCount3D,FeatureAnionCount3D,FeatureCationCount3D,FeatureRingCount3D,FeatureHydrophobeCount3D,ConformerModelRMSD3D,EffectiveRotorCount3D,ConformerCount3D
1,4,C[N+](C)(C)C,6380,C4H12N+,74.14,"InChI=1S/C4H12N/c1-5(2,3)4/h1-4H3/q+1",QEMXHQIAXOOASZ-UHFFFAOYSA-N,tetramethylazanium,0.3,74.096974387,74.096974387,0,19,1,0,0,0,5,70.8,1.25,1.25,1.25,1.0,0.0,0.0,0.0,1.0,0.0,0.0,0.4,0.0,1
2,5,CC[N+](C)(C)C,33993,C5H14N+,88.17,"InChI=1S/C5H14N/c1-5-6(2,3)4/h5H2,1-4H3/q+1",YOMFVLRTMZWACQ-UHFFFAOYSA-N,ethyl(trimethyl)azanium,0.6,88.112624451,88.112624451,0,33,1,0,0,1,6,82.6,2.02,1.14,1.14,1.0,0.0,0.0,0.0,1.0,0.0,0.0,0.4,1.0,1
3,6,CCC[N+](C)(C)C,29385,C6H16N+,102.2,"InChI=1S/C6H16N/c1-5-6-7(2,3)4/h5-6H2,1-4H3/q+1",GSBKRFGXEJLVMI-UHFFFAOYSA-N,trimethyl(propyl)azanium,1.2,102.128274515,102.128274515,0,42,1,0,0,2,7,95.5,3.26,1.09,1.06,2.0,0.0,0.0,0.0,1.0,0.0,1.0,0.4,2.0,1
4,6,CC[N+](C)(C)CC,199517,C6H16N+,102.2,"InChI=1S/C6H16N/c1-5-7(3,4)6-2/h5-6H2,1-4H3/q+1",ZJHQDSMOYNLVLX-UHFFFAOYSA-N,diethyl(dimethyl)azanium,1.0,102.128274515,102.128274515,0,42,1,0,0,2,7,94.3,2.42,1.38,1.06,1.0,0.0,0.0,0.0,1.0,0.0,0.0,0.4,2.0,5
5,7,CCCC[N+](C)(C)C,24399,C7H18N+,116.22,"InChI=1S/C7H18N/c1-5-6-7-8(2,3)4/h5-7H2,1-4H3/q+1",IUNCEDRRUNZACO-UHFFFAOYSA-N,butyl(trimethyl)azanium,1.5,116.143924578,116.143924578,0,51,1,0,0,3,8,108.6,4.75,1.07,1.0,2.0,0.0,0.0,0.0,1.0,0.0,1.0,0.6,3.0,3
6,7,CCC[N+](C)(C)CC,158452,C7H18N+,116.22,"InChI=1S/C7H18N/c1-5-7-8(3,4)6-2/h5-7H2,1-4H3/q+1",ZOZZQPFBMNNPPO-UHFFFAOYSA-N,ethyl-dimethyl-propylazanium,1.5,116.143924578,116.143924578,0,57,1,0,0,3,8,107.2,3.44,1.5,1.01,2.0,0.0,0.0,0.0,1.0,0.0,1.0,0.6,3.0,7
7,7,CC[N+](C)(CC)CC,70440,C7H18N+,116.22,"InChI=1S/C7H18N/c1-5-8(4,6-2)7-3/h5-7H2,1-4H3/q+1",SEACXNRNJAXIBM-UHFFFAOYSA-N,triethyl(methyl)azanium,1.4,116.143924578,116.143924578,0,47,1,0,0,3,8,106.1,2.19,2.19,1.0,1.0,0.0,0.0,0.0,1.0,0.0,0.0,0.6,3.0,5
8,8,CCCCC[N+](C)(C)C,9022,C8H20N+,130.25,"InChI=1S/C8H20N/c1-5-6-7-8-9(2,3)4/h5-8H2,1-4H3/q+1",ACZOGADOAZWANS-UHFFFAOYSA-N,trimethyl(pentyl)azanium,2.1,130.159574642,130.159574642,0,61,1,0,0,4,9,121.8,6.8,1.03,0.96,2.0,0.0,0.0,0.0,1.0,0.0,1.0,0.6,4.0,10
9,8,CCCC[N+](C)(C)CC,14022617,C8H20N+,130.25,"InChI=1S/C8H20N/c1-5-7-8-9(3,4)6-2/h5-8H2,1-4H3/q+1",VJBODIYZSOOKES-UHFFFAOYSA-N,butyl-ethyl-dimethylazanium,1.9,130.159574642,130.159574642,0,67,1,0,0,4,9,120.3,5.04,1.4,0.98,2.0,0.0,0.0,0.0,1.0,0.0,1.0,0.6,4.0,10
10,8,CCC[N+](C)(C)CCC,9989306,C8H20N+,130.25,"InChI=1S/C8H20N/c1-5-7-9(3,4)8-6-2/h5-8H2,1-4H3/q+1",WQHRRUZRGXLCGL-UHFFFAOYSA-N,dimethyl(dipropyl)azanium,2.1,130.159574642,130.159574642,0,59,1,0,0,4,9,120.2,4.48,1.67,0.97,3.0,0.0,0.0,0.0,1.0,0.0,2.0,0.6,4.0,5
11,8,CCC[N+](C)(CC)CC,4167058,C8H20N+,130.25,"InChI=1S/C8H20N/c1-5-8-9(4,6-2)7-3/h5-8H2,1-4H3/q+1",KSRKBDUROZKZBR-UHFFFAOYSA-N,diethyl-methyl-propylazanium,1.9,130.159574642,130.159574642,0,65,1,0,0,4,9,119.0,3.49,2.01,0.97,2.0,0.0,0.0,0.0,1.0,0.0,1.0,0.6,4.0,10
12,8,CC[N+](CC)(CC)CC,5413,C8H20N+,130.25,"InChI=1S/C8H20N/c1-5-9(6-2,7-3)8-4/h5-8H2,1-4H3/q+1",CBXCPBUEXACCNR-UHFFFAOYSA-N,tetraethylazanium,1.7,130.159574642,130.159574642,0,47,1,0,0,4,9,117.6,2.36,1.66,1.66,1.0,0.0,0.0,0.0,1.0,0.0,0.0,0.6,4.0,2
13,9,CCCCCC[N+](C)(C)C,84774,C9H22N+,144.28,"InChI=1S/C9H22N/c1-5-6-7-8-9-10(2,3)4/h5-9H2,1-4H3/q+1",XTPRURKTXNFVQT-UHFFFAOYSA-N,hexyl(trimethyl)azanium,2.6,144.175224706,144.175224706,0,71,1,0,0,5,10,134.5,8.83,1.02,0.92,3.0,0.0,0.0,0.0,1.0,0.0,2.0,0.6,5.0,10
14,9,CCCCC[N+](C)(C)CC,23088838,C9H22N+,144.28,"InChI=1S/C9H22N/c1-5-7-8-9-10(3,4)6-2/h5-9H2,1-4H3/q+1",DJCZADVNBUGGRS-UHFFFAOYSA-N,ethyl-dimethyl-pentylazanium,2.4,144.175224706,144.175224706,0,76,1,0,0,5,10,133.3,6.11,1.5,1.05,2.0,0.0,0.0,0.0,1.0,0.0,1.0,0.6,5.0,10
15,9,CCCC[N+](C)(C)CCC,23088837,C9H22N+,144.28,"InChI=1S/C9H22N/c1-5-7-9-10(3,4)8-6-2/h5-9H2,1-4H3/q+1",AILPSZWICOHGMA-UHFFFAOYSA-N,butyl-dimethyl-propylazanium,2.4,144.175224706,144.175224706,0,76,1,0,0,5,10,133.0,4.56,2.33,1.0,3.0,0.0,0.0,0.0,1.0,0.0,2.0,0.6,5.0,10
16,9,CCCC[N+](C)(CC)CC,23393389,C9H22N+,144.28,"InChI=1S/C9H22N/c1-5-8-9-10(4,6-2)7-3/h5-9H2,1-4H3/q+1",ZKMHIBVJYBMHNM-UHFFFAOYSA-N,butyl-diethyl-methylazanium,2.3,144.175224706,144.175224706,0,74,1,0,0,5,10,131.7,5.32,1.6,1.04,2.0,0.0,0.0,0.0,1.0,0.0,1.0,0.6,5.0,10
17,9,CCC[N+](C)(CC)CCC,20376278,C9H22N+,144.28,"InChI=1S/C9H22N/c1-5-8-10(4,7-3)9-6-2/h5-9H2,1-4H3/q+1",YZCTWRWJKAZUIJ-UHFFFAOYSA-N,ethyl-methyl-dipropylazanium,2.4,144.175224706,144.175224706,0,72,1,0,0,5,10,131.7,4.34,1.94,1.15,3.0,0.0,0.0,0.0,1.0,0.0,2.0,0.6,5.0,10
18,9,CCC[N+](CC)(CC)CC,77853,C9H22N+,144.28,"InChI=1S/C9H22N/c1-5-9-10(6-2,7-3)8-4/h5-9H2,1-4H3/q+1",WGYXSYLSCVXFDU-UHFFFAOYSA-N,triethyl(propyl)azanium,2.3,144.175224706,144.175224706,0,66,1,0,0,5,10,130.5,3.29,1.8,1.55,2.0,0.0,0.0,0.0,1.0,0.0,1.0,0.6,5.0,3
19,10,CCCCCCC[N+](C)(C)C,30142,C10H24N+,158.3,"InChI=1S/C10H24N/c1-5-6-7-8-9-10-11(2,3)4/h5-10H2,1-4H3/q+1",PISCILXZPLTTFP-UHFFFAOYSA-N,heptyl(trimethyl)azanium,3.7,158.190874770,158.190874770,0,81,1,0,0,6,11,147.9,11.54,0.99,0.9,3.0,0.0,0.0,0.0,1.0,0.0,2.0,0.6,6.0,10
20,10,CCCCCC[N+](C)(C)CC,11593475,C10H24N+,158.3,"InChI=1S/C10H24N/c1-5-7-8-9-10-11(3,4)6-2/h5-10H2,1-4H3/q+1",BEURYHDWKDICEO-UHFFFAOYSA-N,ethyl-hexyl-dimethylazanium,3.0,158.190874770,158.190874770,0,86,1,0,0,6,11,146.3,9.31,1.3,0.92,3.0,0.0,0.0,0.0,1.0,0.0,2.0,0.6,6.0,10
21,10,CCCCC[N+](C)(C)CCC,23088871,C10H24N+,158.3,"InChI=1S/C10H24N/c1-5-7-8-10-11(3,4)9-6-2/h5-10H2,1-4H3/q+1",AEVGDMCWEJJJPC-UHFFFAOYSA-N,dimethyl-pentyl-propylazanium,3.0,158.190874770,158.190874770,0,86,1,0,0,6,11,146.3,6.42,2.28,0.96,3.0,0.0,0.0,0.0,1.0,0.0,2.0,0.6,6.0,10
22,10,CCCCC[N+](C)(CC)CC,23088876,C10H24N+,158.3,"InChI=1S/C10H24N/c1-5-8-9-10-11(4,6-2)7-3/h5-10H2,1-4H3/q+1",OBRWMJNKKIMAPZ-UHFFFAOYSA-N,diethyl-methyl-pentylazanium,2.8,158.190874770,158.190874770,0,84,1,0,0,6,11,145.2,6.76,1.7,1.08,2.0,0.0,0.0,0.0,1.0,0.0,1.0,0.6,6.0,10
23,10,CCCC[N+](C)(C)CCCC,18615673,C10H24N+,158.3,"InChI=1S/C10H24N/c1-5-7-9-11(3,4)10-8-6-2/h5-10H2,1-4H3/q+1",HVMLGVVFRKCJOV-UHFFFAOYSA-N,dibutyl(dimethyl)azanium,2.8,158.190874770,158.190874770,0,76,1,0,0,6,11,145.9,5.15,2.91,0.99,3.0,0.0,0.0,0.0,1.0,0.0,2.0,0.6,6.0,10
24,10,CCCC[N+](C)(CC)CCC,20268953,C10H24N+,158.3,"InChI=1S/C10H24N/c1-5-8-10-11(4,7-3)9-6-2/h5-10H2,1-4H3/q+1",OZHYULYUYJVOPW-UHFFFAOYSA-N,butyl-ethyl-methyl-propylazanium,2.8,158.190874770,158.190874770,0,90,1,0,0,6,11,144.7,4.54,2.66,1.16,3.0,0.0,0.0,0.0,1.0,0.0,2.0,0.6,6.0,10
25,10,CCCC[N+](CC)(CC)CC,45719,C10H24N+,158.3,"InChI=1S/C10H24N/c1-5-9-10-11(6-2,7-3)8-4/h5-10H2,1-4H3/q+1",MPDDDPYHTMZBMG-UHFFFAOYSA-N,butyl(triethyl)azanium,2.6,158.190874770,158.190874770,0,76,1,0,0,6,11,143.4,4.77,1.72,1.51,2.0,0.0,0.0,0.0,1.0,0.0,1.0,0.6,6.0,3
26,10,CCC[N+](C)(CCC)CCC,77068,C10H24N+,158.3,"InChI=1S/C10H24N/c1-5-8-11(4,9-6-2)10-7-3/h5-10H2,1-4H3/q+1",VFOJFWOVDZGATC-UHFFFAOYSA-N,methyl(tripropyl)azanium,3.0,158.190874770,158.190874770,0,71,1,0,0,6,11,144.8,3.78,3.78,0.94,4.0,0.0,0.0,0.0,1.0,0.0,3.0,0.6,6.0,5
27,10,CCC[N+](CC)(CC)CCC,13879586,C10H24N+,158.3,"InChI=1S/C10H24N/c1-5-9-11(7-3,8-4)10-6-2/h5-10H2,1-4H3/q+1",PJABQHODPAEOFU-UHFFFAOYSA-N,diethyl(dipropyl)azanium,2.8,158.190874770,158.190874770,0,76,1,0,0,6,11,143.4,3.13,2.87,1.47,3.0,0.0,0.0,0.0,1.0,0.0,2.0,0.6,6.0,9
28,11,CCCCCCCC[N+](C)(C)C,24950,C11H26N+,172.33,"InChI=1S/C11H26N/c1-5-6-7-8-9-10-11-12(2,3)4/h5-11H2,1-4H3/q+1",HTKPDYSCAPSXIR-UHFFFAOYSA-N,trimethyl(octyl)azanium,4.2,172.206524834,172.206524834,0,91,1,0,0,7,12,160.7,14.33,0.99,0.87,4.0,0.0,0.0,0.0,1.0,0.0,3.0,0.8,7.0,10
29,11,CCCCCCC[N+](C)(C)CC,23088859,C11H26N+,172.33,"InChI=1S/C11H26N/c1-5-7-8-9-10-11-12(3,4)6-2/h5-11H2,1-4H3/q+1",KUDSOEFZHRAMEU-UHFFFAOYSA-N,ethyl-heptyl-dimethylazanium,3.5,172.206524834,172.206524834,0,97,1,0,0,7,12,159.2,10.32,1.4,1.04,3.0,0.0,0.0,0.0,1.0,0.0,2.0,0.8,7.0,10
30,11,CCCCCC[N+](C)(C)CCC,23088822,C11H26N+,172.33,"InChI=1S/C11H26N/c1-5-7-8-9-11-12(3,4)10-6-2/h5-11H2,1-4H3/q+1",LZHJKZALMMLMRU-UHFFFAOYSA-N,hexyl-dimethyl-propylazanium,3.5,172.206524834,172.206524834,0,97,1,0,0,7,12,159.0,8.55,2.16,0.97,4.0,0.0,0.0,0.0,1.0,0.0,3.0,0.8,7.0,10
31,11,CCCCCC[N+](C)(CC)CC,11672744,C11H26N+,172.33,"InChI=1S/C11H26N/c1-5-8-9-10-11-12(4,6-2)7-3/h5-11H2,1-4H3/q+1",DNCQCDMHWXKJIM-UHFFFAOYSA-N,diethyl-hexyl-methylazanium,3.3,172.206524834,172.206524834,0,95,1,0,0,7,12,157.9,8.93,1.62,1.06,3.0,0.0,0.0,0.0,1.0,0.0,2.0,0.8,7.0,10
32,11,CCCCC[N+](C)(C)CCCC,53780101,C11H26N+,172.33,"InChI=1S/C11H26N/c1-5-7-9-11-12(3,4)10-8-6-2/h5-11H2,1-4H3/q+1",DUPUHMIJNGJSOP-UHFFFAOYSA-N,butyl-dimethyl-pentylazanium,3.3,172.206524834,172.206524834,0,97,1,0,0,7,12,159.3,6.56,3.17,0.96,3.0,0.0,0.0,0.0,1.0,0.0,2.0,0.8,7.0,10
33,11,CCCCC[N+](C)(CC)CCC,23088854,C11H26N+,172.33,"InChI=1S/C11H26N/c1-5-8-9-11-12(4,7-3)10-6-2/h5-11H2,1-4H3/q+1",HDGUMDFPVDXMFR-UHFFFAOYSA-N,ethyl-methyl-pentyl-propylazanium,3.3,172.206524834,172.206524834,0,101,1,0,0,7,12,158.1,6.43,2.69,1.05,3.0,0.0,0.0,0.0,1.0,0.0,2.0,0.8,7.0,10
34,11,CCCCC[N+](CC)(CC)CC,152429,C11H26N+,172.33,"InChI=1S/C11H26N/c1-5-9-10-11-12(6-2,7-3)8-4/h5-11H2,1-4H3/q+1",NFRBUOMQJKUACC-UHFFFAOYSA-N,triethyl(pentyl)azanium,3.2,172.206524834,172.206524834,0,86,1,0,0,7,12,156.6,6.9,1.66,1.41,2.0,0.0,0.0,0.0,1.0,0.0,1.0,0.8,7.0,10
35,11,CCCC[N+](C)(CC)CCCC,22487000,C11H26N+,172.33,"InChI=1S/C11H26N/c1-5-8-10-12(4,7-3)11-9-6-2/h5-11H2,1-4H3/q+1",QPAKUWHSGUTPDV-UHFFFAOYSA-N,dibutyl-ethyl-methylazanium,3.1,172.206524834,172.206524834,0,91,1,0,0,7,12,157.6,6.95,2.37,1.02,3.0,0.0,0.0,0.0,1.0,0.0,2.0,0.8,7.0,10
36,11,CCCC[N+](C)(CCC)CCC,87509031,C11H26N+,172.33,"InChI=1S/C11H26N/c1-5-8-11-12(4,9-6-2)10-7-3/h5-11H2,1-4H3/q+1",IFOAIWHJCBWDOE-UHFFFAOYSA-N,butyl-methyl-dipropylazanium,3.3,172.206524834,172.206524834,0,93,1,0,0,7,12,157.6,4.99,3.28,1.17,4.0,0.0,0.0,0.0,1.0,0.0,3.0,0.8,7.0,10
37,11,CCCC[N+](CC)(CC)CCC,5249160,C11H26N+,172.33,"InChI=1S/C11H26N/c1-5-9-11-12(7-3,8-4)10-6-2/h5-11H2,1-4H3/q+1",HWGWYOIABCECRH-UHFFFAOYSA-N,butyl-diethyl-propylazanium,3.2,172.206524834,172.206524834,0,95,1,0,0,7,12,156.3,4.44,2.79,1.44,3.0,0.0,0.0,0.0,1.0,0.0,2.0,0.8,7.0,9
38,11,CCC[N+](CC)(CCC)CCC,417995,C11H26N+,172.33,"InChI=1S/C11H26N/c1-5-9-12(8-4,10-6-2)11-7-3/h5-11H2,1-4H3/q+1",FRNYKUYJIUPPPW-UHFFFAOYSA-N,ethyl(tripropyl)azanium,3.3,172.206524834,172.206524834,0,82,1,0,0,7,12,156.3,3.91,2.68,1.76,4.0,0.0,0.0,0.0,1.0,0.0,3.0,0.8,7.0,9
39,12,CCCCCCCCC[N+](C)(C)C,37620,C12H28N+,186.36,"InChI=1S/C12H28N/c1-5-6-7-8-9-10-11-12-13(2,3)4/h5-12H2,1-4H3/q+1",ZVFDPYZBJGKPII-UHFFFAOYSA-N,trimethyl(nonyl)azanium,5.0,186.222174897,186.222174897,0,102,1,0,0,8,13,173.8,17.6,0.97,0.85,2.0,0.0,0.0,0.0,1.0,0.0,1.0,0.8,8.0,10
40,12,CCCCCCCC[N+](C)(C)CC,57314278,C12H28N+,186.36,"InChI=1S/C12H28N/c1-5-7-8-9-10-11-12-13(3,4)6-2/h5-12H2,1-4H3/q+1",OPPPFWILQBOEFO-UHFFFAOYSA-N,ethyl-dimethyl-octylazanium,4.1,186.222174897,186.222174897,0,108,1,0,0,8,13,172.2,12.26,1.86,0.89,4.0,0.0,0.0,0.0,1.0,0.0,3.0,0.8,8.0,10
41,12,CCCCCCC[N+](C)(C)CCC,23088846,C12H28N+,186.36,"InChI=1S/C12H28N/c1-5-7-8-9-10-12-13(3,4)11-6-2/h5-12H2,1-4H3/q+1",HRVTXKZFPPCSKD-UHFFFAOYSA-N,heptyl-dimethyl-propylazanium,4.0,186.222174897,186.222174897,0,108,1,0,0,8,13,172.3,11.26,2.08,0.94,4.0,0.0,0.0,0.0,1.0,0.0,3.0,0.8,8.0,10
42,12,CCCCCCC[N+](C)(CC)CC,23088836,C12H28N+,186.36,"InChI=1S/C12H28N/c1-5-8-9-10-11-12-13(4,6-2)7-3/h5-12H2,1-4H3/q+1",PIODCVYLDQEZFW-UHFFFAOYSA-N,diethyl-heptyl-methylazanium,3.9,186.222174897,186.222174897,0,106,1,0,0,8,13,171.2,11.78,1.54,1.04,3.0,0.0,0.0,0.0,1.0,0.0,2.0,0.8,8.0,10
43,12,CCCCCC[N+](C)(C)CCCC,23088839,C12H28N+,186.36,"InChI=1S/C12H28N/c1-5-7-9-10-12-13(3,4)11-8-6-2/h5-12H2,1-4H3/q+1",GUZLSXNNIAYDHJ-UHFFFAOYSA-N,butyl-hexyl-dimethylazanium,3.9,186.222174897,186.222174897,0,108,1,0,0,8,13,171.9,8.64,3.06,0.97,4.0,0.0,0.0,0.0,1.0,0.0,3.0,0.8,8.0,10
44,12,CCCCCC[N+](C)(CC)CCC,87446870,C12H28N+,186.36,"InChI=1S/C12H28N/c1-5-8-9-10-12-13(4,7-3)11-6-2/h5-12H2,1-4H3/q+1",DSHMENNHZOUARU-UHFFFAOYSA-N,ethyl-hexyl-methyl-propylazanium,3.9,186.222174897,186.222174897,0,112,1,0,0,8,13,170.7,8.62,2.54,1.03,4.0,0.0,0.0,0.0,1.0,0.0,3.0,0.8,8.0,10
45,12,CCCCCC[N+](CC)(CC)CC,193021,C12H28N+,186.36,"InChI=1S/C12H28N/c1-5-9-10-11-12-13(6-2,7-3)8-4/h5-12H2,1-4H3/q+1",GCRCSLNXFKCFHB-UHFFFAOYSA-N,triethyl(hexyl)azanium,3.7,186.222174897,186.222174897,0,97,1,0,0,8,13,169.3,9.09,1.57,1.38,3.0,0.0,0.0,0.0,1.0,0.0,2.0,0.8,8.0,10
46,12,CCCCC[N+](C)(C)CCCCC,11149782,C12H28N+,186.36,"InChI=1S/C12H28N/c1-5-7-9-11-13(3,4)12-10-8-6-2/h5-12H2,1-4H3/q+1",UZQXECSJORTGIJ-UHFFFAOYSA-N,dimethyl(dipentyl)azanium,3.9,186.222174897,186.222174897,0,95,1,0,0,8,13,172.9,11.25,2.34,0.88,3.0,0.0,0.0,0.0,1.0,0.0,2.0,0.8,8.0,10
47,12,CCCCC[N+](C)(CC)CCCC,87508333,C12H28N+,186.36,"InChI=1S/C12H28N/c1-5-8-10-12-13(4,7-3)11-9-6-2/h5-12H2,1-4H3/q+1",FFPZCGAJBOFQDI-UHFFFAOYSA-N,butyl-ethyl-methyl-pentylazanium,3.7,186.222174897,186.222174897,0,112,1,0,0,8,13,171.0,6.3,3.76,1.09,3.0,0.0,0.0,0.0,1.0,0.0,2.0,0.8,8.0,10
48,12,CCCCC[N+](C)(CCC)CCC,23088840,C12H28N+,186.36,"InChI=1S/C12H28N/c1-5-8-9-12-13(4,10-6-2)11-7-3/h5-12H2,1-4H3/q+1",HYYUVNFATOSGPP-UHFFFAOYSA-N,methyl-pentyl-dipropylazanium,3.9,186.222174897,186.222174897,0,104,1,0,0,8,13,170.6,5.91,2.98,1.47,4.0,0.0,0.0,0.0,1.0,0.0,3.0,0.8,8.0,10
49,12,CCCCC[N+](CC)(CC)CCC,23088853,C12H28N+,186.36,"InChI=1S/C12H28N/c1-5-9-10-12-13(7-3,8-4)11-6-2/h5-12H2,1-4H3/q+1",IAYWJKSKVFOMDT-UHFFFAOYSA-N,diethyl-pentyl-propylazanium,3.7,186.222174897,186.222174897,0,106,1,0,0,8,13,169.6,7.48,1.97,1.5,3.0,0.0,0.0,0.0,1.0,0.0,2.0,0.8,8.0,10
50,12,CCCC[N+](C)(CCC)CCCC,87508941,C12H28N+,186.36,"InChI=1S/C12H28N/c1-5-8-11-13(4,10-7-3)12-9-6-2/h5-12H2,1-4H3/q+1",FNWYREOKIGIBJT-UHFFFAOYSA-N,dibutyl-methyl-propylazanium,3.7,186.222174897,186.222174897,0,102,1,0,0,8,13,170.2,4.64,3.75,1.47,4.0,0.0,0.0,0.0,1.0,0.0,3.0,0.8,8.0,10
51,12,CCCC[N+](CC)(CC)CCCC,45730,C12H28N+,186.36,"InChI=1S/C12H28N/c1-5-9-11-13(7-3,8-4)12-10-6-2/h5-12H2,1-4H3/q+1",CDJLHQRURPECEZ-UHFFFAOYSA-N,dibutyl(diethyl)azanium,3.5,186.222174897,186.222174897,0,95,1,0,0,8,13,169.4,4.34,4.0,1.41,3.0,0.0,0.0,0.0,1.0,0.0,2.0,0.8,8.0,10
52,12,CCCC[N+](CC)(CCC)CCC,87824094,C12H28N+,186.36,"InChI=1S/C12H28N/c1-5-9-12-13(8-4,10-6-2)11-7-3/h5-12H2,1-4H3/q+1",PCVGGPYNPSMRFF-UHFFFAOYSA-N,butyl-ethyl-dipropylazanium,3.7,186.222174897,186.222174897,0,104,1,0,0,8,13,169.1,4.9,3.05,1.62,4.0,0.0,0.0,0.0,1.0,0.0,3.0,0.8,8.0,10
53,12,CCC[N+](CCC)(CCC)CCC,9559,C12H28N+,186.36,"InChI=1S/C12H28N/c1-5-9-13(10-6-2,11-7-3)12-8-4/h5-12H2,1-4H3/q+1",OSBSFAARYOCBHB-UHFFFAOYSA-N,tetrapropylazanium,3.9,186.222174897,186.222174897,0,80,1,0,0,8,13,169.2,4.02,2.57,2.51,5.0,0.0,0.0,0.0,1.0,0.0,4.0,0.8,8.0,9
54,13,CCCCCCCCCC[N+](C)(C)C,16389,C13H30N+,200.38,"InChI=1S/C13H30N/c1-5-6-7-8-9-10-11-12-13-14(2,3)4/h5-13H2,1-4H3/q+1",RKMJXTWHATWGNX-UHFFFAOYSA-N,decyl(trimethyl)azanium,5.3,200.237824961,200.237824961,0,113,1,0,0,9,14,186.9,20.95,0.97,0.84,2.0,0.0,0.0,0.0,1.0,0.0,1.0,0.8,9.0,10
55,13,CCCCCCCCC[N+](C)(C)CC,23088850,C13H30N+,200.38,"InChI=1S/C13H30N/c1-5-7-8-9-10-11-12-13-14(3,4)6-2/h5-13H2,1-4H3/q+1",GMFVWRLWYQFTJD-UHFFFAOYSA-N,ethyl-dimethyl-nonylazanium,4.6,200.237824961,200.237824961,0,118,1,0,0,9,14,185.7,18.61,1.18,0.84,2.0,0.0,0.0,0.0,1.0,0.0,1.0,0.8,9.0,10
56,13,CCCCCCCC[N+](C)(C)CCC,54512768,C13H30N+,200.38,"InChI=1S/C13H30N/c1-5-7-8-9-10-11-13-14(3,4)12-6-2/h5-13H2,1-4H3/q+1",DMJZEBGCFFZBGD-UHFFFAOYSA-N,dimethyl-octyl-propylazanium,4.6,200.237824961,200.237824961,0,118,1,0,0,9,14,185.5,16.67,1.47,0.85,5.0,0.0,0.0,0.0,1.0,0.0,4.0,0.8,9.0,10
57,13,CCCCCCCC[N+](C)(CC)CC,23148562,C13H30N+,200.38,"InChI=1S/C13H30N/c1-5-8-9-10-11-12-13-14(4,6-2)7-3/h5-13H2,1-4H3/q+1",BOIZAXRKEIFLPC-UHFFFAOYSA-N,diethyl-methyl-octylazanium,4.4,200.237824961,200.237824961,0,116,1,0,0,9,14,183.5,9.37,2.36,1.11,4.0,0.0,0.0,0.0,1.0,0.0,3.0,0.8,9.0,10
58,13,CCCCCCC[N+](C)(C)CCCC,23088855,C13H30N+,200.38,"InChI=1S/C13H30N/c1-5-7-9-10-11-13-14(3,4)12-8-6-2/h5-13H2,1-4H3/q+1",MKLCNZGZWCQCIY-UHFFFAOYSA-N,butyl-heptyl-dimethylazanium,4.4,200.237824961,200.237824961,0,118,1,0,0,9,14,185.0,8.79,3.37,1.06,4.0,0.0,0.0,0.0,1.0,0.0,3.0,0.8,9.0,10
60,13,CCCCCCC[N+](CC)(CC)CC,14389559,C13H30N+,200.38,"InChI=1S/C13H30N/c1-5-9-10-11-12-13-14(6-2,7-3)8-4/h5-13H2,1-4H3/q+1",MEJYOZOPFBOWNM-UHFFFAOYSA-N,triethyl(heptyl)azanium,4.3,200.237824961,200.237824961,0,108,1,0,0,9,14,182.6,11.99,1.52,1.33,3.0,0.0,0.0,0.0,1.0,0.0,2.0,0.8,9.0,10
61,13,CCCCCC[N+](C)(C)CCCCC,23088834,C13H30N+,200.38,"InChI=1S/C13H30N/c1-5-7-9-11-13-14(3,4)12-10-8-6-2/h5-13H2,1-4H3/q+1",KIVAZLJKZWJKRY-UHFFFAOYSA-N,hexyl-dimethyl-pentylazanium,4.4,200.237824961,200.237824961,0,118,1,0,0,9,14,185.0,8.04,4.09,1.0,4.0,0.0,0.0,0.0,1.0,0.0,3.0,0.8,9.0,10
62,13,CCCCCC[N+](C)(CC)CCCC,57165305,C13H30N+,200.38,"InChI=1S/C13H30N/c1-5-8-10-11-13-14(4,7-3)12-9-6-2/h5-13H2,1-4H3/q+1",XLXWPUJTPJEUJL-UHFFFAOYSA-N,butyl-ethyl-hexyl-methylazanium,4.2,200.237824961,200.237824961,0,122,1,0,0,9,14,183.7,10.85,2.43,1.06,4.0,0.0,0.0,0.0,1.0,0.0,3.0,0.8,9.0,10
63,13,CCCCCC[N+](C)(CCC)CCC,87508855,C13H30N+,200.38,"InChI=1S/C13H30N/c1-5-8-9-10-13-14(4,11-6-2)12-7-3/h5-13H2,1-4H3/q+1",RLIRPHTZDVJVSP-UHFFFAOYSA-N,hexyl-methyl-dipropylazanium,4.4,200.237824961,200.237824961,0,114,1,0,0,9,14,183.5,9.33,2.67,1.14,5.0,0.0,0.0,0.0,1.0,0.0,4.0,0.8,9.0,10
64,13,CCCCCC[N+](CC)(CC)CCC,153996761,C13H30N+,200.38,"InChI=1S/C13H30N/c1-5-9-10-11-13-14(7-3,8-4)12-6-2/h5-13H2,1-4H3/q+1",VWTVDMLYGOYJSH-UHFFFAOYSA-N,diethyl-hexyl-propylazanium,4.2,200.237824961,200.237824961,0,116,1,0,0,9,14,182.5,9.94,1.86,1.45,4.0,0.0,0.0,0.0,1.0,0.0,3.0,0.8,9.0,10
65,13,CCCCC[N+](C)(CC)CCCCC,57048141,C13H30N+,200.38,"InChI=1S/C13H30N/c1-5-8-10-12-14(4,7-3)13-11-9-6-2/h5-13H2,1-4H3/q+1",ZLSFSOSPTFWLPU-UHFFFAOYSA-N,ethyl-methyl-dipentylazanium,4.2,200.237824961,200.237824961,0,110,1,0,0,9,14,184.1,11.17,2.43,1.05,3.0,0.0,0.0,0.0,1.0,0.0,2.0,0.8,9.0,10
66,13,CCCCC[N+](C)(CCC)CCCC,87508327,C13H30N+,200.38,"InChI=1S/C13H30N/c1-5-8-10-13-14(4,11-7-3)12-9-6-2/h5-13H2,1-4H3/q+1",DWVOTTRAMKUFDY-UHFFFAOYSA-N,butyl-methyl-pentyl-propylazanium,4.2,200.237824961,200.237824961,0,122,1,0,0,9,14,184.0,6.72,4.21,1.22,4.0,0.0,0.0,0.0,1.0,0.0,3.0,0.8,9.0,10
67,13,CCCCC[N+](CC)(CC)CCCC,118020623,C13H30N+,200.38,"InChI=1S/C13H30N/c1-5-9-11-13-14(7-3,8-4)12-10-6-2/h5-13H2,1-4H3/q+1",LLXUWZMQXPDQPM-UHFFFAOYSA-N,butyl-diethyl-pentylazanium,4.1,200.237824961,200.237824961,0,116,1,0,0,9,14,182.5,5.97,3.91,1.34,3.0,0.0,0.0,0.0,1.0,0.0,2.0,0.8,9.0,10
68,13,CCCCC[N+](CC)(CCC)CCC,118020792,C13H30N+,200.38,"InChI=1S/C13H30N/c1-5-9-10-13-14(8-4,11-6-2)12-7-3/h5-13H2,1-4H3/q+1",TWXKUPXMHKNBLJ-UHFFFAOYSA-N,ethyl-pentyl-dipropylazanium,4.2,200.237824961,200.237824961,0,114,1,0,0,9,14,182.5,7.0,2.87,1.57,4.0,0.0,0.0,0.0,1.0,0.0,3.0,0.8,9.0,10
69,13,CCCC[N+](C)(CCCC)CCCC,36209,C13H30N+,200.38,"InChI=1S/C13H30N/c1-5-8-11-14(4,12-9-6-2)13-10-7-3/h5-13H2,1-4H3/q+1",HJHUXWBTVVFLQI-UHFFFAOYSA-N,tributyl(methyl)azanium,4.0,200.237824961,200.237824961,0,98,1,0,0,9,14,183.8,5.82,5.82,0.87,4.0,0.0,0.0,0.0,1.0,0.0,3.0,0.8,9.0,10
70,13,CCCC[N+](CC)(CCC)CCCC,5257973,C13H30N+,200.38,"InChI=1S/C13H30N/c1-5-9-12-14(8-4,11-7-3)13-10-6-2/h5-13H2,1-4H3/q+1",LITHBESFLLXJOG-UHFFFAOYSA-N,dibutyl-ethyl-propylazanium,4.0,200.237824961,200.237824961,0,112,1,0,0,9,14,182.2,4.81,4.06,1.71,4.0,0.0,0.0,0.0,1.0,0.0,3.0,0.8,9.0,10
71,13,CCCC[N+](CCC)(CCC)CCC,19180,C13H30N+,200.38,"InChI=1S/C13H30N/c1-5-9-13-14(10-6-2,11-7-3)12-8-4/h5-13H2,1-4H3/q+1",CIFCGXKXFRLSAF-UHFFFAOYSA-N,butyl(tripropyl)azanium,4.2,200.237824961,200.237824961,0,103,1,0,0,9,14,182.2,5.03,2.81,2.43,5.0,0.0,0.0,0.0,1.0,0.0,4.0,0.8,9.0,9
72,14,CCCCCCCCCCC[N+](C)(C)C,5228566,C14H32N+,214.41,"InChI=1S/C14H32N/c1-5-6-7-8-9-10-11-12-13-14-15(2,3)4/h5-14H2,1-4H3/q+1",QDUATGYYXKDLEI-UHFFFAOYSA-N,trimethyl(undecyl)azanium,5.3,214.253475025,214.253475025,0,124,1,0,0,10,15,199.7,24.53,0.94,0.82,2.0,0.0,0.0,0.0,1.0,0.0,1.0,0.8,10.0,10
73,14,CCCCCCCCCC[N+](C)(C)CC,9974561,C14H32N+,214.41,"InChI=1S/C14H32N/c1-5-7-8-9-10-11-12-13-14-15(3,4)6-2/h5-14H2,1-4H3/q+1",HQQASUCFGHRJOV-UHFFFAOYSA-N,decyl-ethyl-dimethylazanium,5.1,214.253475025,214.253475025,0,129,1,0,0,10,15,198.7,22.15,1.16,0.83,2.0,0.0,0.0,0.0,1.0,0.0,1.0,1.0,10.0,10
74,14,CCCCCCCCC[N+](C)(C)CCC,54218218,C14H32N+,214.41,"InChI=1S/C14H32N/c1-5-7-8-9-10-11-12-14-15(3,4)13-6-2/h5-14H2,1-4H3/q+1",GYWQGPBGNKOCCT-UHFFFAOYSA-N,dimethyl-nonyl-propylazanium,5.1,214.253475025,214.253475025,0,129,1,0,0,10,15,198.2,15.86,2.56,0.86,3.0,0.0,0.0,0.0,1.0,0.0,2.0,0.8,10.0,10
75,14,CCCCCCCCC[N+](C)(CC)CC,157866804,C14H32N+,214.41,"InChI=1S/C14H32N/c1-5-8-9-10-11-12-13-14-15(4,6-2)7-3/h5-14H2,1-4H3/q+1",BJTLWEKNBJYEJT-UHFFFAOYSA-N,diethyl-methyl-nonylazanium,5.0,214.253475025,214.253475025,0,127,1,0,0,10,15,197.2,18.24,1.42,0.99,2.0,0.0,0.0,0.0,1.0,0.0,1.0,0.8,10.0,10
76,14,CCCCCCCC[N+](C)(C)CCCC,86022633,C14H32N+,214.41,"InChI=1S/C14H32N/c1-5-7-9-10-11-12-14-15(3,4)13-8-6-2/h5-14H2,1-4H3/q+1",SEKDFFOHDXVFOB-UHFFFAOYSA-N,butyl-dimethyl-octylazanium,4.9,214.253475025,214.253475025,0,129,1,0,0,10,15,198.5,18.01,1.91,0.84,5.0,0.0,0.0,0.0,1.0,0.0,4.0,1.0,10.0,10
78,14,CCCCCCCC[N+](CC)(CC)CC,11411485,C14H32N+,214.41,"InChI=1S/C14H32N/c1-5-9-10-11-12-13-14-15(6-2,7-3)8-4/h5-14H2,1-4H3/q+1",JHNACYHGMDXEMK-UHFFFAOYSA-N,triethyl(octyl)azanium,4.8,214.253475025,214.253475025,0,119,1,0,0,10,15,195.3,12.81,1.91,1.26,4.0,0.0,0.0,0.0,1.0,0.0,3.0,0.8,10.0,10
79,14,CCCCCCC[N+](C)(C)CCCCC,87493941,C14H32N+,214.41,"InChI=1S/C14H32N/c1-5-7-9-10-12-14-15(3,4)13-11-8-6-2/h5-14H2,1-4H3/q+1",AYLLUJBATLNAKZ-UHFFFAOYSA-N,heptyl-dimethyl-pentylazanium,4.9,214.253475025,214.253475025,0,129,1,0,0,10,15,198.2,8.43,4.19,1.21,4.0,0.0,0.0,0.0,1.0,0.0,3.0,1.0,10.0,10
80,14,CCCCCCC[N+](C)(CC)CCCC,146418800,C14H32N+,214.41,"InChI=1S/C14H32N/c1-5-8-10-11-12-14-15(4,7-3)13-9-6-2/h5-14H2,1-4H3/q+1",WHWKPYUZHZDLMI-UHFFFAOYSA-N,butyl-ethyl-heptyl-methylazanium,4.8,214.253475025,214.253475025,0,133,1,0,0,10,15,197.0,11.13,3.4,1.05,4.0,0.0,0.0,0.0,1.0,0.0,3.0,0.8,10.0,10
83,14,CCCCCC[N+](C)(C)CCCCCC,158284,C14H32N+,214.41,"InChI=1S/C14H32N/c1-5-7-9-11-13-15(3,4)14-12-10-8-6-2/h5-14H2,1-4H3/q+1",BVYKZCWFDFGEDY-UHFFFAOYSA-N,dihexyl(dimethyl)azanium,4.9,214.253475025,214.253475025,0,115,1,0,0,10,15,198.1,10.61,4.58,0.95,5.0,0.0,0.0,0.0,1.0,0.0,4.0,0.8,10.0,10
84,14,CCCCCC[N+](C)(CC)CCCCC,87508057,C14H32N+,214.41,"InChI=1S/C14H32N/c1-5-8-10-12-14-15(4,7-3)13-11-9-6-2/h5-14H2,1-4H3/q+1",AYYYVZOOQVRMPE-UHFFFAOYSA-N,ethyl-hexyl-methyl-pentylazanium,4.8,214.253475025,214.253475025,0,133,1,0,0,10,15,196.9,13.27,2.57,1.02,4.0,0.0,0.0,0.0,1.0,0.0,3.0,1.0,10.0,10
85,14,CCCCCC[N+](C)(CCC)CCCC,87507944,C14H32N+,214.41,"InChI=1S/C14H32N/c1-5-8-10-11-14-15(4,12-7-3)13-9-6-2/h5-14H2,1-4H3/q+1",JZEVHPUPCUVWEC-UHFFFAOYSA-N,butyl-hexyl-methyl-propylazanium,4.8,214.253475025,214.253475025,0,133,1,0,0,10,15,196.6,8.92,4.0,1.19,5.0,0.0,0.0,0.0,1.0,0.0,4.0,0.8,10.0,10
86,14,CCCCCC[N+](CC)(CC)CCCC,153996762,C14H32N+,214.41,"InChI=1S/C14H32N/c1-5-9-11-12-14-15(7-3,8-4)13-10-6-2/h5-14H2,1-4H3/q+1",DOWYPDWQIQTDBH-UHFFFAOYSA-N,butyl-diethyl-hexylazanium,4.6,214.253475025,214.253475025,0,127,1,0,0,10,15,195.4,8.18,3.69,1.32,4.0,0.0,0.0,0.0,1.0,0.0,3.0,0.8,10.0,10
87,14,CCCCCC[N+](CC)(CCC)CCC,153959332,C14H32N+,214.41,"InChI=1S/C14H32N/c1-5-9-10-11-14-15(8-4,12-6-2)13-7-3/h5-14H2,1-4H3/q+1",SBTVCAXXMISTIX-UHFFFAOYSA-N,ethyl-hexyl-dipropylazanium,4.8,214.253475025,214.253475025,0,125,1,0,0,10,15,195.4,8.81,2.75,1.69,5.0,0.0,0.0,0.0,1.0,0.0,4.0,0.8,10.0,10
88,14,CCCCC[N+](C)(CCC)CCCCC,87509148,C14H32N+,214.41,"InChI=1S/C14H32N/c1-5-8-10-13-15(4,12-7-3)14-11-9-6-2/h5-14H2,1-4H3/q+1",ZVSYQBQOQVDCOD-UHFFFAOYSA-N,methyl-dipentyl-propylazanium,4.8,214.253475025,214.253475025,0,121,1,0,0,10,15,197.0,10.6,3.4,1.08,4.0,0.0,0.0,0.0,1.0,0.0,3.0,0.8,10.0,10
89,14,CCCCC[N+](C)(CCCC)CCCC,21452154,C14H32N+,214.41,"InChI=1S/C14H32N/c1-5-8-11-14-15(4,12-9-6-2)13-10-7-3/h5-14H2,1-4H3/q+1",CJMALQPKCBISHD-UHFFFAOYSA-N,dibutyl-methyl-pentylazanium,4.6,214.253475025,214.253475025,0,123,1,0,0,10,15,197.0,7.66,4.61,1.29,4.0,0.0,0.0,0.0,1.0,0.0,3.0,0.8,10.0,10
90,14,CCCCC[N+](CC)(CC)CCCCC,87534181,C14H32N+,214.41,"InChI=1S/C14H32N/c1-5-9-11-13-15(7-3,8-4)14-12-10-6-2/h5-14H2,1-4H3/q+1",UPPMBOMUXOHLSA-UHFFFAOYSA-N,diethyl(dipentyl)azanium,4.6,214.253475025,214.253475025,0,115,1,0,0,10,15,195.7,5.86,5.53,1.29,3.0,0.0,0.0,0.0,1.0,0.0,2.0,0.8,10.0,10
91,14,CCCCC[N+](CC)(CCC)CCCC,71366278,C14H32N+,214.41,"InChI=1S/C14H32N/c1-5-9-11-14-15(8-4,12-7-3)13-10-6-2/h5-14H2,1-4H3/q+1",ZJUCMNFJQYFRAV-UHFFFAOYSA-N,butyl-ethyl-pentyl-propylazanium,4.6,214.253475025,214.253475025,0,133,1,0,0,10,15,195.4,7.69,3.4,1.6,4.0,0.0,0.0,0.0,1.0,0.0,3.0,0.8,10.0,10
92,14,CCCCC[N+](CCC)(CCC)CCC,20376265,C14H32N+,214.41,"InChI=1S/C14H32N/c1-5-9-10-14-15(11-6-2,12-7-3)13-8-4/h5-14H2,1-4H3/q+1",NMGQYKVFWNZFGI-UHFFFAOYSA-N,pentyl(tripropyl)azanium,4.8,214.253475025,214.253475025,0,114,1,0,0,10,15,195.3,6.93,2.73,2.31,5.0,0.0,0.0,0.0,1.0,0.0,4.0,0.8,10.0,10
93,14,CCCC[N+](CC)(CCCC)CCCC,44528,C14H32N+,214.41,"InChI=1S/C14H32N/c1-5-9-12-15(8-4,13-10-6-2)14-11-7-3/h5-14H2,1-4H3/q+1",GFVKHYGXCQWRON-UHFFFAOYSA-N,tributyl(ethyl)azanium,4.4,214.253475025,214.253475025,0,110,1,0,0,10,15,195.0,6.52,3.48,1.81,4.0,0.0,0.0,0.0,1.0,0.0,3.0,0.8,10.0,10
94,14,CCCC[N+](CCC)(CCC)CCCC,20480844,C14H32N+,214.41,"InChI=1S/C14H32N/c1-5-9-13-15(11-7-3,12-8-4)14-10-6-2/h5-14H2,1-4H3/q+1",JZSHZKVWWZERHI-UHFFFAOYSA-N,dibutyl(dipropyl)azanium,4.6,214.253475025,214.253475025,0,115,1,0,0,10,15,194.9,6.22,2.89,2.33,5.0,0.0,0.0,0.0,1.0,0.0,4.0,0.8,10.0,10
95,15,CCCCCCCCCCCC[N+](C)(C)C,8153,C15H34N+,228.44,"InChI=1S/C15H34N/c1-5-6-7-8-9-10-11-12-13-14-15-16(2,3)4/h5-15H2,1-4H3/q+1",VICYBMUVWHJEFT-UHFFFAOYSA-N,dodecyl(trimethyl)azanium,5.9,228.269125089,228.269125089,0,135,1,0,0,11,16,212.9,28.75,0.95,0.81,2.0,0.0,0.0,0.0,1.0,0.0,1.0,1.0,11.0,10
96,15,CCCCCCCCCCC[N+](C)(C)CC,90351725,C15H34N+,228.44,"InChI=1S/C15H34N/c1-5-7-8-9-10-11-12-13-14-15-16(3,4)6-2/h5-15H2,1-4H3/q+1",QHCAAFYUBHBJIW-UHFFFAOYSA-N,ethyl-dimethyl-undecylazanium,5.7,228.269125089,228.269125089,0,140,1,0,0,11,16,211.3,25.87,1.14,0.82,2.0,0.0,0.0,0.0,1.0,0.0,1.0,1.2,11.0,10
97,15,CCCCCCCCCC[N+](C)(C)CCC,17915707,C15H34N+,228.44,"InChI=1S/C15H34N/c1-5-7-8-9-10-11-12-13-15-16(3,4)14-6-2/h5-15H2,1-4H3/q+1",LWSZZLPJPKLWQY-UHFFFAOYSA-N,decyl-dimethyl-propylazanium,5.7,228.269125089,228.269125089,0,140,1,0,0,11,16,211.6,23.9,1.41,0.82,3.0,0.0,0.0,0.0,1.0,0.0,2.0,1.0,11.0,10
98,15,CCCCCCCCCC[N+](C)(CC)CC,10450839,C15H34N+,228.44,"InChI=1S/C15H34N/c1-5-8-9-10-11-12-13-14-15-16(4,6-2)7-3/h5-15H2,1-4H3/q+1",MVXQPROAFWKOIE-UHFFFAOYSA-N,decyl-diethyl-methylazanium,5.5,228.269125089,228.269125089,0,138,1,0,0,11,16,210.3,21.9,1.38,0.98,2.0,0.0,0.0,0.0,1.0,0.0,1.0,1.0,11.0,10
99,15,CCCCCCCCC[N+](C)(C)CCCC,87493295,C15H34N+,228.44,"InChI=1S/C15H34N/c1-5-7-9-10-11-12-13-15-16(3,4)14-8-6-2/h5-15H2,1-4H3/q+1",RDIZHRVDLMIYTI-UHFFFAOYSA-N,butyl-dimethyl-nonylazanium,5.5,228.269125089,228.269125089,0,140,1,0,0,11,16,211.3,17.69,2.77,0.93,3.0,0.0,0.0,0.0,1.0,0.0,2.0,1.0,11.0,10
101,15,CCCCCCCCC[N+](CC)(CC)CC,2249305,C15H34N+,228.44,"InChI=1S/C15H34N/c1-5-9-10-11-12-13-14-15-16(6-2,7-3)8-4/h5-15H2,1-4H3/q+1",UCFFYKZBURKKJA-UHFFFAOYSA-N,triethyl(nonyl)azanium,5.3,228.269125089,228.269125089,0,130,1,0,0,11,16,208.6,18.64,1.4,1.27,2.0,0.0,0.0,0.0,1.0,0.0,1.0,1.0,11.0,10
102,15,CCCCCCCC[N+](C)(C)CCCCC,71346400,C15H34N+,228.44,"InChI=1S/C15H34N/c1-5-7-9-10-11-13-15-16(3,4)14-12-8-6-2/h5-15H2,1-4H3/q+1",SOPNIEVZZPVZDU-UHFFFAOYSA-N,dimethyl-octyl-pentylazanium,5.5,228.269125089,228.269125089,0,140,1,0,0,11,16,211.9,19.91,2.4,0.83,5.0,0.0,0.0,0.0,1.0,0.0,4.0,1.2,11.0,10
103,15,CCCCCCCC[N+](C)(CC)CCCC,53833324,C15H34N+,228.44,"InChI=1S/C15H34N/c1-5-8-10-11-12-13-15-16(4,7-3)14-9-6-2/h5-15H2,1-4H3/q+1",GDZKLWVGKXFTIB-UHFFFAOYSA-N,butyl-ethyl-methyl-octylazanium,5.3,228.269125089,228.269125089,0,144,1,0,0,11,16,209.9,17.04,2.28,1.02,5.0,0.0,0.0,0.0,1.0,0.0,4.0,1.0,11.0,10
104,15,CCCCCCCC[N+](C)(CCC)CCC,143162850,C15H34N+,228.44,"InChI=1S/C15H34N/c1-5-8-9-10-11-12-15-16(4,13-6-2)14-7-3/h5-15H2,1-4H3/q+1",OVIVMDMHGKXDSD-UHFFFAOYSA-N,methyl-octyl-dipropylazanium,5.5,228.269125089,228.269125089,0,136,1,0,0,11,16,210.0,15.39,2.57,1.06,6.0,0.0,0.0,0.0,1.0,0.0,5.0,1.0,11.0,10
106,15,CCCCCCC[N+](C)(C)CCCCCC,23094264,C15H34N+,228.44,"InChI=1S/C15H34N/c1-5-7-9-11-13-15-16(3,4)14-12-10-8-6-2/h5-15H2,1-4H3/q+1",RIVOCEOQISSOFJ-UHFFFAOYSA-N,heptyl-hexyl-dimethylazanium,5.5,228.269125089,228.269125089,0,140,1,0,0,11,16,211.4,12.14,5.19,0.93,5.0,0.0,0.0,0.0,1.0,0.0,4.0,1.0,11.0,10
109,15,CCCCCCC[N+](CC)(CC)CCCC,87526431,C15H34N+,228.44,"InChI=1S/C15H34N/c1-5-9-11-12-13-15-16(7-3,8-4)14-10-6-2/h5-15H2,1-4H3/q+1",SXVFHEWSBYEWMI-UHFFFAOYSA-N,butyl-diethyl-heptylazanium,5.1,228.269125089,228.269125089,0,138,1,0,0,11,16,208.4,10.83,3.51,1.28,4.0,0.0,0.0,0.0,1.0,0.0,3.0,1.0,11.0,10
110,15,CCCCCCC[N+](CC)(CCC)CCC,87089434,C15H34N+,228.44,"InChI=1S/C15H34N/c1-5-9-10-11-12-15-16(8-4,13-6-2)14-7-3/h5-15H2,1-4H3/q+1",NEMSEEQCEBBXJD-UHFFFAOYSA-N,ethyl-heptyl-dipropylazanium,5.3,228.269125089,228.269125089,0,136,1,0,0,11,16,208.4,11.47,2.64,1.65,5.0,0.0,0.0,0.0,1.0,0.0,4.0,1.0,11.0,10
111,15,CCCCCC[N+](C)(CC)CCCCCC,87507678,C15H34N+,228.44,"InChI=1S/C15H34N/c1-5-8-10-12-14-16(4,7-3)15-13-11-9-6-2/h5-15H2,1-4H3/q+1",XHMMQIYMIWQQQG-UHFFFAOYSA-N,ethyl-dihexyl-methylazanium,5.3,228.269125089,228.269125089,0,130,1,0,0,11,16,209.6,14.55,3.13,1.03,5.0,0.0,0.0,0.0,1.0,0.0,4.0,1.0,11.0,10
112,15,CCCCCC[N+](C)(CCC)CCCCC,87507746,C15H34N+,228.44,"InChI=1S/C15H34N/c1-5-8-10-12-15-16(4,13-7-3)14-11-9-6-2/h5-15H2,1-4H3/q+1",YWCBHDJXMFUJMF-UHFFFAOYSA-N,hexyl-methyl-pentyl-propylazanium,5.3,228.269125089,228.269125089,0,144,1,0,0,11,16,209.7,12.49,3.61,1.05,5.0,0.0,0.0,0.0,1.0,0.0,4.0,1.0,11.0,10
113,15,CCCCCC[N+](C)(CCCC)CCCC,23088868,C15H34N+,228.44,"InChI=1S/C15H34N/c1-5-8-11-12-15-16(4,13-9-6-2)14-10-7-3/h5-15H2,1-4H3/q+1",USXXKLJKCGLODH-UHFFFAOYSA-N,dibutyl-hexyl-methylazanium,5.1,228.269125089,228.269125089,0,134,1,0,0,11,16,209.5,9.58,4.65,1.25,5.0,0.0,0.0,0.0,1.0,0.0,4.0,1.0,11.0,10
114,15,CCCCCC[N+](CC)(CC)CCCCC,175075511,C15H34N+,228.44,"InChI=1S/C15H34N/c1-5-9-11-13-15-16(7-3,8-4)14-12-10-6-2/h5-15H2,1-4H3/q+1",IXNQZUFQFUBLHM-UHFFFAOYSA-N,diethyl-hexyl-pentylazanium,5.1,228.269125089,228.269125089,0,138,1,0,0,11,16,208.5,12.18,2.88,1.35,4.0,0.0,0.0,0.0,1.0,0.0,3.0,1.0,11.0,10
115,15,CCCCCC[N+](CC)(CCC)CCCC,153959333,C15H34N+,228.44,"InChI=1S/C15H34N/c1-5-9-11-12-15-16(8-4,13-7-3)14-10-6-2/h5-15H2,1-4H3/q+1",RRAZLYWVRLDNNL-UHFFFAOYSA-N,butyl-ethyl-hexyl-propylazanium,5.1,228.269125089,228.269125089,0,144,1,0,0,11,16,208.4,10.03,3.3,1.54,5.0,0.0,0.0,0.0,1.0,0.0,4.0,1.0,11.0,10
116,15,CCCCCC[N+](CCC)(CCC)CCC,20376280,C15H34N+,228.44,"InChI=1S/C15H34N/c1-5-9-10-11-15-16(12-6-2,13-7-3)14-8-4/h5-15H2,1-4H3/q+1",UBPYJORUAYZUOF-UHFFFAOYSA-N,hexyl(tripropyl)azanium,5.3,228.269125089,228.269125089,0,125,1,0,0,11,16,208.0,9.05,2.63,2.22,6.0,0.0,0.0,0.0,1.0,0.0,5.0,1.0,11.0,10
117,15,CCCCC[N+](C)(CCCC)CCCCC,54255437,C15H34N+,228.44,"InChI=1S/C15H34N/c1-5-8-11-14-16(4,13-10-7-3)15-12-9-6-2/h5-15H2,1-4H3/q+1",QZSDTYYENXQLKS-UHFFFAOYSA-N,butyl-methyl-dipentylazanium,5.1,228.269125089,228.269125089,0,132,1,0,0,11,16,210.0,10.18,4.47,1.21,4.0,0.0,0.0,0.0,1.0,0.0,3.0,1.0,11.0,10
118,15,CCCCC[N+](CC)(CCC)CCCCC,118020676,C15H34N+,228.44,"InChI=1S/C15H34N/c1-5-9-11-14-16(8-4,13-7-3)15-12-10-6-2/h5-15H2,1-4H3/q+1",GSJAFIGYDNNWHR-UHFFFAOYSA-N,ethyl-dipentyl-propylazanium,5.1,228.269125089,228.269125089,0,132,1,0,0,11,16,208.5,9.61,3.41,1.58,4.0,0.0,0.0,0.0,1.0,0.0,3.0,1.0,11.0,10
119,15,CCCCC[N+](CC)(CCCC)CCCC,118020723,C15H34N+,228.44,"InChI=1S/C15H34N/c1-5-9-12-15-16(8-4,13-10-6-2)14-11-7-3/h5-15H2,1-4H3/q+1",SGQXAVDYVRBNCH-UHFFFAOYSA-N,dibutyl-ethyl-pentylazanium,4.9,228.269125089,228.269125089,0,134,1,0,0,11,16,208.3,7.37,4.04,1.88,4.0,0.0,0.0,0.0,1.0,0.0,3.0,1.0,11.0,10
120,15,CCCCC[N+](CCC)(CCC)CCCC,87492071,C15H34N+,228.44,"InChI=1S/C15H34N/c1-5-9-11-15-16(12-7-3,13-8-4)14-10-6-2/h5-15H2,1-4H3/q+1",JNDLCRSXGSAFCX-UHFFFAOYSA-N,butyl-pentyl-dipropylazanium,5.1,228.269125089,228.269125089,0,136,1,0,0,11,16,208.3,6.63,3.95,2.21,5.0,0.0,0.0,0.0,1.0,0.0,4.0,1.0,11.0,10
121,15,CCCC[N+](CCC)(CCCC)CCCC,5248503,C15H34N+,228.44,"InChI=1S/C15H34N/c1-5-9-13-16(12-8-4,14-10-6-2)15-11-7-3/h5-15H2,1-4H3/q+1",OTMZBTFLNZOUEP-UHFFFAOYSA-N,tributyl(propyl)azanium,4.9,228.269125089,228.269125089,0,121,1,0,0,11,16,207.9,6.56,4.85,0.98,5.0,0.0,0.0,0.0,1.0,0.0,4.0,1.0,11.0,7
122,16,CCCCCCCCCCCCC[N+](C)(C)C,11484094,C16H36N+,242.46,"InChI=1S/C16H36N/c1-5-6-7-8-9-10-11-12-13-14-15-16-17(2,3)4/h5-16H2,1-4H3/q+1",CUHTWKRYGOJCEX-UHFFFAOYSA-N,trimethyl(tridecyl)azanium,6.4,242.284775153,242.284775153,0,146,1,0,0,12,17,225.8,32.93,0.94,0.8,2.0,0.0,0.0,0.0,1.0,0.0,1.0,1.0,12.0,10
123,16,CCCCCCCCCCCC[N+](C)(C)CC,62471,C16H36N+,242.46,"InChI=1S/C16H36N/c1-5-7-8-9-10-11-12-13-14-15-16-17(3,4)6-2/h5-16H2,1-4H3/q+1",BPSQMWSZGQGXHF-UHFFFAOYSA-N,dodecyl-ethyl-dimethylazanium,6.2,242.284775153,242.284775153,0,152,1,0,0,12,17,224.6,30.3,1.1,0.82,2.0,0.0,0.0,0.0,1.0,0.0,1.0,1.0,12.0,10
124,16,CCCCCCCCCCC[N+](C)(C)CCC,54067909,C16H36N+,242.46,"InChI=1S/C16H36N/c1-5-7-8-9-10-11-12-13-14-16-17(3,4)15-6-2/h5-16H2,1-4H3/q+1",RXHFYXVAJIRVEM-UHFFFAOYSA-N,dimethyl-propyl-undecylazanium,6.2,242.284775153,242.284775153,0,152,1,0,0,12,17,224.3,27.77,1.4,0.81,3.0,0.0,0.0,0.0,1.0,0.0,2.0,1.2,12.0,10
126,16,CCCCCCCCCC[N+](C)(C)CCCC,57255541,C16H36N+,242.46,"InChI=1S/C16H36N/c1-5-7-9-10-11-12-13-14-16-17(3,4)15-8-6-2/h5-16H2,1-4H3/q+1",BFWWTZJFBPOWOZ-UHFFFAOYSA-N,butyl-decyl-dimethylazanium,6.0,242.284775153,242.284775153,0,152,1,0,0,12,17,224.6,25.46,1.85,0.82,3.0,0.0,0.0,0.0,1.0,0.0,2.0,1.2,12.0,10
128,16,CCCCCCCCCC[N+](CC)(CC)CC,9835339,C16H36N+,242.46,"InChI=1S/C16H36N/c1-5-9-10-11-12-13-14-15-16-17(6-2,7-3)8-4/h5-16H2,1-4H3/q+1",FMGOXRYKYRAOGN-UHFFFAOYSA-N,decyl(triethyl)azanium,5.9,242.284775153,242.284775153,0,141,1,0,0,12,17,221.7,22.36,1.35,1.26,2.0,0.0,0.0,0.0,1.0,0.0,1.0,1.0,12.0,10
129,16,CCCCCCCCC[N+](C)(C)CCCCC,87493818,C16H36N+,242.46,"InChI=1S/C16H36N/c1-5-7-9-10-11-12-14-16-17(3,4)15-13-8-6-2/h5-16H2,1-4H3/q+1",HSFILTPVBDYHQT-UHFFFAOYSA-N,dimethyl-nonyl-pentylazanium,6.0,242.284775153,242.284775153,0,152,1,0,0,12,17,224.8,23.54,2.45,0.81,3.0,0.0,0.0,0.0,1.0,0.0,2.0,1.2,12.0,10
130,16,CCCCCCCCC[N+](C)(CC)CCCC,159414620,C16H36N+,242.46,"InChI=1S/C16H36N/c1-5-8-10-11-12-13-14-16-17(4,7-3)15-9-6-2/h5-16H2,1-4H3/q+1",GRONAXJLKGHQRY-UHFFFAOYSA-N,butyl-ethyl-methyl-nonylazanium,5.9,242.284775153,242.284775153,0,156,1,0,0,12,17,222.5,13.4,2.92,1.48,3.0,0.0,0.0,0.0,1.0,0.0,2.0,1.2,12.0,10
133,16,CCCCCCCC[N+](C)(C)CCCCCC,44630345,C16H36N+,242.46,"InChI=1S/C16H36N/c1-5-7-9-11-12-14-16-17(3,4)15-13-10-8-6-2/h5-16H2,1-4H3/q+1",AYEWPUXSRBYGQC-UHFFFAOYSA-N,hexyl-dimethyl-octylazanium,6.0,242.284775153,242.284775153,0,152,1,0,0,12,17,224.6,22.06,2.79,0.83,6.0,0.0,0.0,0.0,1.0,0.0,5.0,1.2,12.0,10
134,16,CCCCCCCC[N+](C)(CC)CCCCC,123637971,C16H36N+,242.46,"InChI=1S/C16H36N/c1-5-8-10-11-12-14-16-17(4,7-3)15-13-9-6-2/h5-16H2,1-4H3/q+1",GOFHWWVGDFMFOW-UHFFFAOYSA-N,ethyl-methyl-octyl-pentylazanium,5.9,242.284775153,242.284775153,0,156,1,0,0,12,17,223.1,18.99,2.62,1.03,5.0,0.0,0.0,0.0,1.0,0.0,4.0,1.2,12.0,10
135,16,CCCCCCCC[N+](C)(CCC)CCCC,141640656,C16H36N+,242.46,"InChI=1S/C16H36N/c1-5-8-10-11-12-13-16-17(4,14-7-3)15-9-6-2/h5-16H2,1-4H3/q+1",PXAPHEFIJWEBQT-UHFFFAOYSA-N,butyl-methyl-octyl-propylazanium,5.8,242.284775153,242.284775153,0,156,1,0,0,12,17,222.6,11.35,3.52,1.9,6.0,0.0,0.0,0.0,1.0,0.0,5.0,1.2,12.0,10
136,16,CCCCCCCC[N+](CC)(CC)CCCC,127262847,C16H36N+,242.46,"InChI=1S/C16H36N/c1-5-9-11-12-13-14-16-17(7-3,8-4)15-10-6-2/h5-16H2,1-4H3/q+1",ZCMNNAYSAOJYGM-UHFFFAOYSA-N,butyl-diethyl-octylazanium,5.7,242.284775153,242.284775153,0,150,1,0,0,12,17,221.3,13.74,3.32,1.27,5.0,0.0,0.0,0.0,1.0,0.0,4.0,1.0,12.0,10
138,16,CCCCCCC[N+](C)(C)CCCCCCC,17912687,C16H36N+,242.46,"InChI=1S/C16H36N/c1-5-7-9-11-13-15-17(3,4)16-14-12-10-8-6-2/h5-16H2,1-4H3/q+1",MVFNHXRNAFMHCK-UHFFFAOYSA-N,diheptyl(dimethyl)azanium,6.0,242.284775153,242.284775153,0,136,1,0,0,12,17,224.6,14.95,5.43,0.92,5.0,0.0,0.0,0.0,1.0,0.0,4.0,1.2,12.0,10
139,16,CCCCCCC[N+](C)(CC)CCCCCC,175528723,C16H36N+,242.46,"InChI=1S/C16H36N/c1-5-8-10-12-14-16-17(4,7-3)15-13-11-9-6-2/h5-16H2,1-4H3/q+1",WLVDIZWGYYSTKK-UHFFFAOYSA-N,ethyl-heptyl-hexyl-methylazanium,5.9,242.284775153,242.284775153,0,156,1,0,0,12,17,222.9,9.79,6.08,0.99,5.0,0.0,0.0,0.0,1.0,0.0,4.0,1.2,12.0,10
140,16,CCCCCCC[N+](C)(CCC)CCCCC,71382092,C16H36N+,242.46,"InChI=1S/C16H36N/c1-5-8-10-11-13-16-17(4,14-7-3)15-12-9-6-2/h5-16H2,1-4H3/q+1",GWUGZMSBOKLNCU-UHFFFAOYSA-N,heptyl-methyl-pentyl-propylazanium,5.8,242.284775153,242.284775153,0,156,1,0,0,12,17,223.1,15.35,3.6,1.05,5.0,0.0,0.0,0.0,1.0,0.0,4.0,1.2,12.0,10
141,16,CCCCCCC[N+](C)(CCCC)CCCC,150372540,C16H36N+,242.46,"InChI=1S/C16H36N/c1-5-8-11-12-13-16-17(4,14-9-6-2)15-10-7-3/h5-16H2,1-4H3/q+1",GYAJUULJGMUALP-UHFFFAOYSA-N,dibutyl-heptyl-methylazanium,5.7,242.284775153,242.284775153,0,146,1,0,0,12,17,223.1,12.26,4.47,1.26,5.0,0.0,0.0,0.0,1.0,0.0,4.0,1.0,12.0,10
144,16,CCCCCCC[N+](CCC)(CCC)CCC,20266119,C16H36N+,242.46,"InChI=1S/C16H36N/c1-5-9-10-11-12-16-17(13-6-2,14-7-3)15-8-4/h5-16H2,1-4H3/q+1",CTNRYAUOPJKSLW-UHFFFAOYSA-N,heptyl(tripropyl)azanium,5.8,242.284775153,242.284775153,0,137,1,0,0,12,17,221.3,12.02,2.65,2.09,6.0,0.0,0.0,0.0,1.0,0.0,5.0,1.0,12.0,10
145,16,CCCCCC[N+](C)(CCC)CCCCCC,58935187,C16H36N+,242.46,"InChI=1S/C16H36N/c1-5-8-10-12-15-17(4,14-7-3)16-13-11-9-6-2/h5-16H2,1-4H3/q+1",JQGCHMDEZKRDAK-UHFFFAOYSA-N,dihexyl-methyl-propylazanium,5.8,242.284775153,242.284775153,0,142,1,0,0,12,17,222.6,13.83,4.05,1.12,6.0,0.0,0.0,0.0,1.0,0.0,5.0,1.0,12.0,10
146,16,CCCCCC[N+](C)(CCCC)CCCCC,87508904,C16H36N+,242.46,"InChI=1S/C16H36N/c1-5-8-11-13-16-17(4,14-10-7-3)15-12-9-6-2/h5-16H2,1-4H3/q+1",LACVAHXCARAXKI-UHFFFAOYSA-N,butyl-hexyl-methyl-pentylazanium,5.7,242.284775153,242.284775153,0,156,1,0,0,12,17,222.7,11.81,4.82,1.18,5.0,0.0,0.0,0.0,1.0,0.0,4.0,1.2,12.0,10
147,16,CCCCCC[N+](CC)(CC)CCCCCC,20092195,C16H36N+,242.46,"InChI=1S/C16H36N/c1-5-9-11-13-15-17(7-3,8-4)16-14-12-10-6-2/h5-16H2,1-4H3/q+1",GZUDBGUQXSQUQJ-UHFFFAOYSA-N,diethyl(dihexyl)azanium,5.7,242.284775153,242.284775153,0,136,1,0,0,12,17,221.1,13.77,3.35,1.31,5.0,0.0,0.0,0.0,1.0,0.0,4.0,1.0,12.0,10
149,16,CCCCCC[N+](CC)(CCCC)CCCC,151792739,C16H36N+,242.46,"InChI=1S/C16H36N/c1-5-9-12-13-16-17(8-4,14-10-6-2)15-11-7-3/h5-16H2,1-4H3/q+1",RWYNNBKVDBTMFK-UHFFFAOYSA-N,dibutyl-ethyl-hexylazanium,5.5,242.284775153,242.284775153,0,146,1,0,0,12,17,221.4,9.17,4.18,1.87,5.0,0.0,0.0,0.0,1.0,0.0,4.0,1.0,12.0,10
150,16,CCCCCC[N+](CCC)(CCC)CCCC,23088825,C16H36N+,242.46,"InChI=1S/C16H36N/c1-5-9-11-12-16-17(13-7-3,14-8-4)15-10-6-2/h5-16H2,1-4H3/q+1",HEZLPXHJHDDYOE-UHFFFAOYSA-N,butyl-hexyl-dipropylazanium,5.7,242.284775153,242.284775153,0,148,1,0,0,12,17,221.0,9.61,3.17,2.35,6.0,0.0,0.0,0.0,1.0,0.0,5.0,1.0,12.0,10
151,16,CCCCC[N+](C)(CCCCC)CCCCC,13767188,C16H36N+,242.46,"InChI=1S/C16H36N/c1-5-8-11-14-17(4,15-12-9-6-2)16-13-10-7-3/h5-16H2,1-4H3/q+1",NDNHNDHVEAHYRC-UHFFFAOYSA-N,methyl(tripentyl)azanium,5.7,242.284775153,242.284775153,0,127,1,0,0,12,17,222.7,10.33,4.85,1.06,4.0,0.0,0.0,0.0,1.0,0.0,3.0,1.0,12.0,10
152,16,CCCCC[N+](CC)(CCCC)CCCCC,118020801,C16H36N+,242.46,"InChI=1S/C16H36N/c1-5-9-12-15-17(8-4,14-11-7-3)16-13-10-6-2/h5-16H2,1-4H3/q+1",QEQIGHFMDSCGHM-UHFFFAOYSA-N,butyl-ethyl-dipentylazanium,5.5,242.284775153,242.284775153,0,144,1,0,0,12,17,221.1,8.14,4.58,1.55,4.0,0.0,0.0,0.0,1.0,0.0,3.0,1.0,12.0,10
153,16,CCCCC[N+](CCC)(CCC)CCCCC,85717237,C16H36N+,242.46,"InChI=1S/C16H36N/c1-5-9-11-15-17(13-7-3,14-8-4)16-12-10-6-2/h5-16H2,1-4H3/q+1",LXVJSPFSQOMEHZ-UHFFFAOYSA-N,dipentyl(dipropyl)azanium,5.7,242.284775153,242.284775153,0,136,1,0,0,12,17,221.5,9.03,3.42,2.42,5.0,0.0,0.0,0.0,1.0,0.0,4.0,1.0,12.0,10
154,16,CCCCC[N+](CCC)(CCCC)CCCC,142514259,C16H36N+,242.46,"InChI=1S/C16H36N/c1-5-9-12-16-17(13-8-4,14-10-6-2)15-11-7-3/h5-16H2,1-4H3/q+1",KPBIZUGMSFSBRO-UHFFFAOYSA-N,dibutyl-pentyl-propylazanium,5.5,242.284775153,242.284775153,0,146,1,0,0,12,17,221.3,7.39,3.84,2.66,5.0,0.0,0.0,0.0,1.0,0.0,4.0,1.0,12.0,10
155,16,CCCC[N+](CCCC)(CCCC)CCCC,16028,C16H36N+,242.46,"InChI=1S/C16H36N/c1-5-9-13-17(14-10-6-2,15-11-7-3)16-12-8-4/h5-16H2,1-4H3/q+1",DZLFLBLQUQXARW-UHFFFAOYSA-N,tetrabutylazanium,5.3,242.284775153,242.284775153,0,116,1,0,0,12,17,221.0,6.2,3.63,3.53,5.0,0.0,0.0,0.0,1.0,0.0,4.0,1.0,12.0,10
156,17,CCCCCCCCCCCCCC[N+](C)(C)C,14251,C17H38N+,256.5,"InChI=1S/C17H38N/c1-5-6-7-8-9-10-11-12-13-14-15-16-17-18(2,3)4/h5-17H2,1-4H3/q+1",GLFDLEXFOHUASB-UHFFFAOYSA-N,trimethyl(tetradecyl)azanium,7.0,256.300425216,256.300425216,0,157,1,0,0,13,18,239.1,37.79,0.93,0.79,2.0,0.0,0.0,0.0,1.0,0.0,1.0,1.4,13.0,10
157,17,CCCCCCCCCCCCC[N+](C)(C)CC,87744372,C17H38N+,256.5,"InChI=1S/C17H38N/c1-5-7-8-9-10-11-12-13-14-15-16-17-18(3,4)6-2/h5-17H2,1-4H3/q+1",DHGNCBQSWNDPAV-UHFFFAOYSA-N,ethyl-dimethyl-tridecylazanium,6.8,256.300425216,256.300425216,0,163,1,0,0,13,18,237.7,34.72,1.09,0.79,2.0,0.0,0.0,0.0,1.0,0.0,1.0,1.4,13.0,10
158,17,CCCCCCCCCCCC[N+](C)(C)CCC,10786192,C17H38N+,256.5,"InChI=1S/C17H38N/c1-5-7-8-9-10-11-12-13-14-15-17-18(3,4)16-6-2/h5-17H2,1-4H3/q+1",LRIYPNLMJBRPKS-UHFFFAOYSA-N,dodecyl-dimethyl-propylazanium,6.8,256.300425216,256.300425216,0,163,1,0,0,13,18,237.6,32.48,1.34,0.8,3.0,0.0,0.0,0.0,1.0,0.0,2.0,1.2,13.0,10
159,17,CCCCCCCCCCCC[N+](C)(CC)CC,14494908,C17H38N+,256.5,"InChI=1S/C17H38N/c1-5-8-9-10-11-12-13-14-15-16-17-18(4,6-2)7-3/h5-17H2,1-4H3/q+1",IDEJJVMHAIEVHN-UHFFFAOYSA-N,dodecyl-diethyl-methylazanium,6.6,256.300425216,256.300425216,0,161,1,0,0,13,18,235.6,20.45,2.55,1.03,2.0,0.0,0.0,0.0,1.0,0.0,1.0,1.2,13.0,10
160,17,CCCCCCCCCCC[N+](C)(C)CCCC,122481735,C17H38N+,256.5,"InChI=1S/C17H38N/c1-5-7-9-10-11-12-13-14-15-17-18(3,4)16-8-6-2/h5-17H2,1-4H3/q+1",DBOJENJGMHTUFE-UHFFFAOYSA-N,butyl-dimethyl-undecylazanium,6.6,256.300425216,256.300425216,0,163,1,0,0,13,18,236.8,20.83,3.01,1.04,3.0,0.0,0.0,0.0,1.0,0.0,2.0,1.2,13.0,10
161,17,CCCCCCCCCCC[N+](C)(CC)CCC,158020210,C17H38N+,256.5,"InChI=1S/C17H38N/c1-5-8-9-10-11-12-13-14-15-17-18(4,7-3)16-6-2/h5-17H2,1-4H3/q+1",GSFCXUBHHGENJC-UHFFFAOYSA-N,ethyl-methyl-propyl-undecylazanium,6.6,256.300425216,256.300425216,0,167,1,0,0,13,18,236.4,27.37,1.56,1.01,3.0,0.0,0.0,0.0,1.0,0.0,2.0,1.2,13.0,10
162,17,CCCCCCCCCCC[N+](CC)(CC)CC,11701609,C17H38N+,256.5,"InChI=1S/C17H38N/c1-5-9-10-11-12-13-14-15-16-17-18(6-2,7-3)8-4/h5-17H2,1-4H3/q+1",PXKWXYSJOJCCRI-UHFFFAOYSA-N,triethyl(undecyl)azanium,6.4,256.300425216,256.300425216,0,153,1,0,0,13,18,234.5,26.33,1.29,1.22,2.0,0.0,0.0,0.0,1.0,0.0,1.0,1.2,13.0,10
163,17,CCCCCCCCCC[N+](C)(C)CCCCC,122481312,C17H38N+,256.5,"InChI=1S/C17H38N/c1-5-7-9-10-11-12-13-15-17-18(3,4)16-14-8-6-2/h5-17H2,1-4H3/q+1",OMXUZDIBANYJKW-UHFFFAOYSA-N,decyl-dimethyl-pentylazanium,6.6,256.300425216,256.300425216,0,163,1,0,0,13,18,236.9,11.23,4.08,0.93,3.0,0.0,0.0,0.0,1.0,0.0,2.0,1.2,13.0,10
165,17,CCCCCCCCCC[N+](C)(CCC)CCC,127262909,C17H38N+,256.5,"InChI=1S/C17H38N/c1-5-8-9-10-11-12-13-14-17-18(4,15-6-2)16-7-3/h5-17H2,1-4H3/q+1",SBHAPBIQFZETQO-UHFFFAOYSA-N,decyl-methyl-dipropylazanium,6.6,256.300425216,256.300425216,0,159,1,0,0,13,18,235.5,15.58,3.16,1.18,4.0,0.0,0.0,0.0,1.0,0.0,3.0,1.2,13.0,10
166,17,CCCCCCCCCC[N+](CC)(CC)CCC,150914213,C17H38N+,256.5,"InChI=1S/C17H38N/c1-5-9-10-11-12-13-14-15-17-18(7-3,8-4)16-6-2/h5-17H2,1-4H3/q+1",LCQDTPUQPWSMQF-UHFFFAOYSA-N,decyl-diethyl-propylazanium,6.4,256.300425216,256.300425216,0,161,1,0,0,13,18,234.4,21.41,2.06,1.23,3.0,0.0,0.0,0.0,1.0,0.0,2.0,1.2,13.0,10
167,17,CCCCCCCCC[N+](C)(C)CCCCCC,53961664,C17H38N+,256.5,"InChI=1S/C17H38N/c1-5-7-9-11-12-13-15-17-18(3,4)16-14-10-8-6-2/h5-17H2,1-4H3/q+1",JLJLMEYLARLRHC-UHFFFAOYSA-N,hexyl-dimethyl-nonylazanium,6.6,256.300425216,256.300425216,0,163,1,0,0,13,18,237.3,24.69,1.85,0.84,4.0,0.0,0.0,0.0,1.0,0.0,3.0,1.2,13.0,10
172,17,CCCCCCCC[N+](C)(C)CCCCCCC,53805370,C17H38N+,256.5,"InChI=1S/C17H38N/c1-5-7-9-11-13-15-17-18(3,4)16-14-12-10-8-6-2/h5-17H2,1-4H3/q+1",FLHXZOFTZKMECQ-UHFFFAOYSA-N,heptyl-dimethyl-octylazanium,6.6,256.300425216,256.300425216,0,163,1,0,0,13,18,237.8,24.75,3.25,0.82,6.0,0.0,0.0,0.0,1.0,0.0,5.0,1.2,13.0,10
175,17,CCCCCCCC[N+](C)(CCCC)CCCC,127262900,C17H38N+,256.5,"InChI=1S/C17H38N/c1-5-8-11-12-13-14-17-18(4,15-9-6-2)16-10-7-3/h5-17H2,1-4H3/q+1",CTLYCOGDQMWBFE-UHFFFAOYSA-N,dibutyl-methyl-octylazanium,6.2,256.300425216,256.300425216,0,157,1,0,0,13,18,235.8,15.54,4.23,1.21,6.0,0.0,0.0,0.0,1.0,0.0,5.0,1.2,13.0,10
178,17,CCCCCCCC[N+](CCC)(CCC)CCC,54170758,C17H38N+,256.5,"InChI=1S/C17H38N/c1-5-9-10-11-12-13-17-18(14-6-2,15-7-3)16-8-4/h5-17H2,1-4H3/q+1",OUVWASDFMKDEDL-UHFFFAOYSA-N,octyl(tripropyl)azanium,6.4,256.300425216,256.300425216,0,148,1,0,0,13,18,234.2,15.0,2.47,2.05,7.0,0.0,0.0,0.0,1.0,0.0,6.0,1.0,13.0,10
180,17,CCCCCCC[N+](C)(CCC)CCCCCC,54058603,C17H38N+,256.5,"InChI=1S/C17H38N/c1-5-8-10-12-14-17-18(4,15-7-3)16-13-11-9-6-2/h5-17H2,1-4H3/q+1",LYAPKLBZDWFJOW-UHFFFAOYSA-N,heptyl-hexyl-methyl-propylazanium,6.4,256.300425216,256.300425216,0,167,1,0,0,13,18,235.7,10.7,6.98,1.21,6.0,0.0,0.0,0.0,1.0,0.0,5.0,1.2,13.0,10
185,17,CCCCCCC[N+](CCC)(CCC)CCCC,151952654,C17H38N+,256.5,"InChI=1S/C17H38N/c1-5-9-11-12-13-17-18(14-7-3,15-8-4)16-10-6-2/h5-17H2,1-4H3/q+1",TWZFYSVPITUBAW-UHFFFAOYSA-N,butyl-heptyl-dipropylazanium,6.2,256.300425216,256.300425216,0,159,1,0,0,13,18,234.2,12.38,2.89,2.37,6.0,0.0,0.0,0.0,1.0,0.0,5.0,1.0,13.0,10
186,17,CCCCCC[N+](C)(CCCC)CCCCCC,57010389,C17H38N+,256.5,"InChI=1S/C17H38N/c1-5-8-11-13-16-18(4,15-10-7-3)17-14-12-9-6-2/h5-17H2,1-4H3/q+1",OZAVEPCCSMZULR-UHFFFAOYSA-N,butyl-dihexyl-methylazanium,6.2,256.300425216,256.300425216,0,153,1,0,0,13,18,235.4,13.23,5.07,1.33,6.0,0.0,0.0,0.0,1.0,0.0,5.0,1.2,13.0,10
187,17,CCCCCC[N+](C)(CCCCC)CCCCC,53812961,C17H38N+,256.5,"InChI=1S/C17H38N/c1-5-8-11-14-17-18(4,15-12-9-6-2)16-13-10-7-3/h5-17H2,1-4H3/q+1",FQIYGHWTRJEOIM-UHFFFAOYSA-N,hexyl-methyl-dipentylazanium,6.2,256.300425216,256.300425216,0,155,1,0,0,13,18,235.7,10.57,6.45,0.95,5.0,0.0,0.0,0.0,1.0,0.0,4.0,1.2,13.0,10
191,17,CCCCCC[N+](CCC)(CCCC)CCCC,151583097,C17H38N+,256.5,"InChI=1S/C17H38N/c1-5-9-12-13-17-18(14-8-4,15-10-6-2)16-11-7-3/h5-17H2,1-4H3/q+1",QGXIOQBXXRDPRG-UHFFFAOYSA-N,dibutyl-hexyl-propylazanium,6.0,256.300425216,256.300425216,0,157,1,0,0,13,18,234.0,9.61,3.58,2.07,6.0,0.0,0.0,0.0,1.0,0.0,5.0,1.0,13.0,10
192,17,CCCCC[N+](CC)(CCCCC)CCCCC,14022639,C17H38N+,256.5,"InChI=1S/C17H38N/c1-5-9-12-15-18(8-4,16-13-10-6-2)17-14-11-7-3/h5-17H2,1-4H3/q+1",SSSPGHOXGVKBLH-UHFFFAOYSA-N,ethyl(tripentyl)azanium,6.0,256.300425216,256.300425216,0,138,1,0,0,13,18,234.8,9.44,5.17,2.02,4.0,0.0,0.0,0.0,1.0,0.0,3.0,1.0,13.0,10
193,17,CCCCC[N+](CCC)(CCCC)CCCCC,54574573,C17H38N+,256.5,"InChI=1S/C17H38N/c1-5-9-12-16-18(14-8-4,15-11-7-3)17-13-10-6-2/h5-17H2,1-4H3/q+1",ZZQQVXKSFOLGRZ-UHFFFAOYSA-N,butyl-dipentyl-propylazanium,6.0,256.300425216,256.300425216,0,155,1,0,0,13,18,234.5,8.79,4.21,2.68,5.0,0.0,0.0,0.0,1.0,0.0,4.0,1.0,13.0,10
194,17,CCCCC[N+](CCCC)(CCCC)CCCC,3528502,C17H38N+,256.5,"InChI=1S/C17H38N/c1-5-9-13-17-18(14-10-6-2,15-11-7-3)16-12-8-4/h5-17H2,1-4H3/q+1",YDZKVIKDXBFPMW-UHFFFAOYSA-N,tributyl(pentyl)azanium,5.8,256.300425216,256.300425216,0,143,1,0,0,13,18,234.2,7.67,3.81,3.38,5.0,0.0,0.0,0.0,1.0,0.0,4.0,1.0,13.0,10
195,18,CCCCCCCCCCCCCCC[N+](C)(C)C,423584,C18H40N+,270.5,"InChI=1S/C18H40N/c1-5-6-7-8-9-10-11-12-13-14-15-16-17-18-19(2,3)4/h5-18H2,1-4H3/q+1",FSWHKYOVBASSCG-UHFFFAOYSA-N,trimethyl(pentadecyl)azanium,7.5,270.316075280,270.316075280,0,169,1,0,0,14,19,251.8,42.85,0.91,0.78,2.0,0.0,0.0,0.0,1.0,0.0,1.0,1.4,14.0,10
196,18,CCCCCCCCCCCCCC[N+](C)(C)CC,110474,C18H40N+,270.5,"InChI=1S/C18H40N/c1-5-7-8-9-10-11-12-13-14-15-16-17-18-19(3,4)6-2/h5-18H2,1-4H3/q+1",DELLBLKQOILBPT-UHFFFAOYSA-N,ethyl-dimethyl-tetradecylazanium,7.3,270.316075280,270.316075280,0,175,1,0,0,14,19,250.9,39.81,1.08,0.78,2.0,0.0,0.0,0.0,1.0,0.0,1.0,1.4,14.0,10
197,18,CCCCCCCCCCCCC[N+](C)(C)CCC,159160365,C18H40N+,270.5,"InChI=1S/C18H40N/c1-5-7-8-9-10-11-12-13-14-15-16-18-19(3,4)17-6-2/h5-18H2,1-4H3/q+1",KKKIJNZKRNRPDQ-UHFFFAOYSA-N,dimethyl-propyl-tridecylazanium,7.3,270.316075280,270.316075280,0,175,1,0,0,14,19,250.9,37.28,1.33,0.79,3.0,0.0,0.0,0.0,1.0,0.0,2.0,1.4,14.0,10
199,18,CCCCCCCCCCCC[N+](C)(C)CCCC,407819,C18H40N+,270.5,"InChI=1S/C18H40N/c1-5-7-9-10-11-12-13-14-15-16-18-19(3,4)17-8-6-2/h5-18H2,1-4H3/q+1",VQRZNCVKGHWIHL-UHFFFAOYSA-N,butyl-dodecyl-dimethylazanium,7.1,270.316075280,270.316075280,0,175,1,0,0,14,19,250.6,34.34,1.77,0.81,3.0,0.0,0.0,0.0,1.0,0.0,2.0,1.2,14.0,10
200,18,CCCCCCCCCCCC[N+](C)(CC)CCC,14494857,C18H40N+,270.5,"InChI=1S/C18H40N/c1-5-8-9-10-11-12-13-14-15-16-18-19(4,7-3)17-6-2/h5-18H2,1-4H3/q+1",OVZXLMDAFIMYKW-UHFFFAOYSA-N,dodecyl-ethyl-methyl-propylazanium,7.1,270.316075280,270.316075280,0,179,1,0,0,14,19,248.6,18.81,2.93,1.18,3.0,0.0,0.0,0.0,1.0,0.0,2.0,1.2,14.0,10
201,18,CCCCCCCCCCCC[N+](CC)(CC)CC,28940,C18H40N+,270.5,"InChI=1S/C18H40N/c1-5-9-10-11-12-13-14-15-16-17-18-19(6-2,7-3)8-4/h5-18H2,1-4H3/q+1",DGJUONISEWDPFO-UHFFFAOYSA-N,dodecyl(triethyl)azanium,7.0,270.316075280,270.316075280,0,164,1,0,0,14,19,247.2,20.65,2.64,1.2,2.0,0.0,0.0,0.0,1.0,0.0,1.0,1.2,14.0,10
202,18,CCCCCCCCCCC[N+](C)(C)CCCCC,122481535,C18H40N+,270.5,"InChI=1S/C18H40N/c1-5-7-9-10-11-12-13-14-16-18-19(3,4)17-15-8-6-2/h5-18H2,1-4H3/q+1",JJLQRCBBSUHOGJ-UHFFFAOYSA-N,dimethyl-pentyl-undecylazanium,7.1,270.316075280,270.316075280,0,175,1,0,0,14,19,250.4,31.5,2.44,0.8,3.0,0.0,0.0,0.0,1.0,0.0,2.0,1.4,14.0,10
205,18,CCCCCCCCCCC[N+](CC)(CC)CCC,87491732,C18H40N+,270.5,"InChI=1S/C18H40N/c1-5-9-10-11-12-13-14-15-16-18-19(7-3,8-4)17-6-2/h5-18H2,1-4H3/q+1",HNHBFKHOGWBZIQ-UHFFFAOYSA-N,diethyl-propyl-undecylazanium,6.9,270.316075280,270.316075280,0,173,1,0,0,14,19,247.3,25.52,1.97,1.19,3.0,0.0,0.0,0.0,1.0,0.0,2.0,1.2,14.0,10
206,18,CCCCCCCCCC[N+](C)(C)CCCCCC,19369139,C18H40N+,270.5,"InChI=1S/C18H40N/c1-5-7-9-11-12-13-14-16-18-19(3,4)17-15-10-8-6-2/h5-18H2,1-4H3/q+1",AORPTWIQUMOQNO-UHFFFAOYSA-N,decyl-hexyl-dimethylazanium,7.1,270.316075280,270.316075280,0,175,1,0,0,14,19,250.7,29.76,2.86,0.81,4.0,0.0,0.0,0.0,1.0,0.0,3.0,1.4,14.0,10
207,18,CCCCCCCCCC[N+](C)(CC)CCCCC,160997003,C18H40N+,270.5,"InChI=1S/C18H40N/c1-5-8-10-11-12-13-14-16-18-19(4,7-3)17-15-9-6-2/h5-18H2,1-4H3/q+1",TVJNMDHDABWHKR-UHFFFAOYSA-N,decyl-ethyl-methyl-pentylazanium,6.9,270.316075280,270.316075280,0,179,1,0,0,14,19,249.2,25.96,2.78,0.98,3.0,0.0,0.0,0.0,1.0,0.0,2.0,1.4,14.0,10
210,18,CCCCCCCCCC[N+](CC)(CCC)CCC,152402758,C18H40N+,270.5,"InChI=1S/C18H40N/c1-5-9-10-11-12-13-14-15-18-19(8-4,16-6-2)17-7-3/h5-18H2,1-4H3/q+1",XJTLNYZLXPMBJG-UHFFFAOYSA-N,decyl-ethyl-dipropylazanium,6.9,270.316075280,270.316075280,0,171,1,0,0,14,19,247.4,21.71,2.28,1.55,4.0,0.0,0.0,0.0,1.0,0.0,3.0,1.2,14.0,10
211,18,CCCCCCCCC[N+](C)(C)CCCCCCC,122481686,C18H40N+,270.5,"InChI=1S/C18H40N/c1-5-7-9-11-12-14-16-18-19(3,4)17-15-13-10-8-6-2/h5-18H2,1-4H3/q+1",YAAXCWBJDGLKGG-UHFFFAOYSA-N,heptyl-dimethyl-nonylazanium,7.1,270.316075280,270.316075280,0,175,1,0,0,14,19,250.9,28.4,3.44,0.81,4.0,0.0,0.0,0.0,1.0,0.0,3.0,1.4,14.0,10
215,18,CCCCCCCCC[N+](CC)(CC)CCCCC,22408859,C18H40N+,270.5,"InChI=1S/C18H40N/c1-5-9-11-12-13-14-16-18-19(7-3,8-4)17-15-10-6-2/h5-18H2,1-4H3/q+1",YZYCXXHHYHIEIM-UHFFFAOYSA-N,diethyl-nonyl-pentylazanium,6.8,270.316075280,270.316075280,0,173,1,0,0,14,19,247.0,9.54,4.43,1.23,3.0,0.0,0.0,0.0,1.0,0.0,2.0,1.2,14.0,10
217,18,CCCCCCCCC[N+](CCC)(CCC)CCC,22408878,C18H40N+,270.5,"InChI=1S/C18H40N/c1-5-9-10-11-12-13-14-18-19(15-6-2,16-7-3)17-8-4/h5-18H2,1-4H3/q+1",RCXQXXBOIXJCEQ-UHFFFAOYSA-N,nonyl(tripropyl)azanium,6.9,270.316075280,270.316075280,0,160,1,0,0,14,19,247.3,18.59,2.39,1.99,5.0,0.0,0.0,0.0,1.0,0.0,4.0,1.0,14.0,10
218,18,CCCCCCCC[N+](C)(C)CCCCCCCC,62582,C18H40N+,270.5,"InChI=1S/C18H40N/c1-5-7-9-11-13-15-17-19(3,4)18-16-14-12-10-8-6-2/h5-18H2,1-4H3/q+1",MELGLHXCBHKVJG-UHFFFAOYSA-N,dimethyl(dioctyl)azanium,7.1,270.316075280,270.316075280,0,157,1,0,0,14,19,250.1,12.2,8.41,1.03,7.0,0.0,0.0,0.0,1.0,0.0,6.0,1.4,14.0,10
222,18,CCCCCCCC[N+](CC)(CC)CCCCCC,88102340,C18H40N+,270.5,"InChI=1S/C18H40N/c1-5-9-11-13-14-16-18-19(7-3,8-4)17-15-12-10-6-2/h5-18H2,1-4H3/q+1",NSLMJJJICIFFBS-UHFFFAOYSA-N,diethyl-hexyl-octylazanium,6.8,270.316075280,270.316075280,0,173,1,0,0,14,19,247.3,12.84,6.53,1.22,6.0,0.0,0.0,0.0,1.0,0.0,5.0,1.4,14.0,10
224,18,CCCCCCCC[N+](CC)(CCCC)CCCC,152181181,C18H40N+,270.5,"InChI=1S/C18H40N/c1-5-9-12-13-14-15-18-19(8-4,16-10-6-2)17-11-7-3/h5-18H2,1-4H3/q+1",VRHGWUHVRSLOPE-UHFFFAOYSA-N,dibutyl-ethyl-octylazanium,6.6,270.316075280,270.316075280,0,169,1,0,0,14,19,247.1,14.55,3.94,1.79,6.0,0.0,0.0,0.0,1.0,0.0,5.0,1.0,14.0,10
225,18,CCCCCCCC[N+](CCC)(CCC)CCCC,87493375,C18H40N+,270.5,"InChI=1S/C18H40N/c1-5-9-11-12-13-14-18-19(15-7-3,16-8-4)17-10-6-2/h5-18H2,1-4H3/q+1",HFMBPKPLXCCIPS-UHFFFAOYSA-N,butyl-octyl-dipropylazanium,6.7,270.316075280,270.316075280,0,171,1,0,0,14,19,247.3,15.64,2.99,2.17,7.0,0.0,0.0,0.0,1.0,0.0,6.0,1.0,14.0,10
227,18,CCCCCCC[N+](C)(CCCC)CCCCCC,175529229,C18H40N+,270.5,"InChI=1S/C18H40N/c1-5-8-11-13-15-18-19(4,16-10-7-3)17-14-12-9-6-2/h5-18H2,1-4H3/q+1",ILGOHJWEUNNEHF-UHFFFAOYSA-N,butyl-heptyl-hexyl-methylazanium,6.7,270.316075280,270.316075280,0,179,1,0,0,14,19,248.6,10.13,4.61,2.89,6.0,0.0,0.0,0.0,1.0,0.0,5.0,1.4,14.0,10
229,18,CCCCCCC[N+](CC)(CC)CCCCCCC,87534239,C18H40N+,270.5,"InChI=1S/C18H40N/c1-5-9-11-13-15-17-19(7-3,8-4)18-16-14-12-10-6-2/h5-18H2,1-4H3/q+1",KSQLHIVJWKTPTC-UHFFFAOYSA-N,diethyl(diheptyl)azanium,6.8,270.316075280,270.316075280,0,157,1,0,0,14,19,247.6,19.0,3.97,1.23,5.0,0.0,0.0,0.0,1.0,0.0,4.0,1.4,14.0,10
234,18,CCCCCC[N+](C)(CCCCC)CCCCCC,23534989,C18H40N+,270.5,"InChI=1S/C18H40N/c1-5-8-11-14-17-19(4,16-13-10-7-3)18-15-12-9-6-2/h5-18H2,1-4H3/q+1",FTVVXKZIBUTYNT-UHFFFAOYSA-N,dihexyl-methyl-pentylazanium,6.7,270.316075280,270.316075280,0,165,1,0,0,14,19,248.7,10.67,8.5,1.37,6.0,0.0,0.0,0.0,1.0,0.0,5.0,1.0,14.0,10
237,18,CCCCCC[N+](CCC)(CCC)CCCCCC,23088856,C18H40N+,270.5,"InChI=1S/C18H40N/c1-5-9-11-13-17-19(15-7-3,16-8-4)18-14-12-10-6-2/h5-18H2,1-4H3/q+1",JCWIHQGUAVBVND-UHFFFAOYSA-N,dihexyl(dipropyl)azanium,6.7,270.316075280,270.316075280,0,157,1,0,0,14,19,246.9,12.52,4.1,2.22,7.0,0.0,0.0,0.0,1.0,0.0,6.0,1.0,14.0,10
239,18,CCCCCC[N+](CCCC)(CCCC)CCCC,19858518,C18H40N+,270.5,"InChI=1S/C18H40N/c1-5-9-13-14-18-19(15-10-6-2,16-11-7-3)17-12-8-4/h5-18H2,1-4H3/q+1",FJAPXHMQWAFWMW-UHFFFAOYSA-N,tributyl(hexyl)azanium,6.4,270.316075280,270.316075280,0,155,1,0,0,14,19,246.9,9.44,3.86,3.3,6.0,0.0,0.0,0.0,1.0,0.0,5.0,1.0,14.0,10
240,18,CCCCC[N+](CCC)(CCCCC)CCCCC,14022636,C18H40N+,270.5,"InChI=1S/C18H40N/c1-5-9-12-16-19(15-8-4,17-13-10-6-2)18-14-11-7-3/h5-18H2,1-4H3/q+1",JZIJYAHEYCCHLE-UHFFFAOYSA-N,tripentyl(propyl)azanium,6.6,270.316075280,270.316075280,0,150,1,0,0,14,19,247.7,9.01,5.55,2.6,5.0,0.0,0.0,0.0,1.0,0.0,4.0,1.0,14.0,10
241,18,CCCCC[N+](CCCC)(CCCC)CCCCC,87534260,C18H40N+,270.5,"InChI=1S/C18H40N/c1-5-9-13-17-19(15-11-7-3,16-12-8-4)18-14-10-6-2/h5-18H2,1-4H3/q+1",KHQRIXZSDGPKKX-UHFFFAOYSA-N,dibutyl(dipentyl)azanium,6.4,270.316075280,270.316075280,0,157,1,0,0,14,19,247.5,8.81,4.02,3.62,5.0,0.0,0.0,0.0,1.0,0.0,4.0,1.0,14.0,10
242,19,CCCCCCCCCCCCCCCC[N+](C)(C)C,2681,C19H42N+,284.5,"InChI=1S/C19H42N/c1-5-6-7-8-9-10-11-12-13-14-15-16-17-18-19-20(2,3)4/h5-19H2,1-4H3/q+1",RLGQACBPNDBWTB-UHFFFAOYSA-N,hexadecyl(trimethyl)azanium,8.0,284.331725344,284.331725344,0,181,1,0,0,15,20,265.1,47.87,0.93,0.78,2.0,0.0,0.0,0.0,1.0,0.0,1.0,1.6,15.0,10
243,19,CCCCCCCCCCCCCCC[N+](C)(C)CC,2724228,C19H42N+,284.5,"InChI=1S/C19H42N/c1-5-7-8-9-10-11-12-13-14-15-16-17-18-19-20(3,4)6-2/h5-19H2,1-4H3/q+1",XZLXUVABRCMCHH-UHFFFAOYSA-N,ethyl-dimethyl-pentadecylazanium,7.9,284.331725344,284.331725344,0,186,1,0,0,15,20,263.6,45.05,1.05,0.78,2.0,0.0,0.0,0.0,1.0,0.0,1.0,1.4,15.0,10
244,19,CCCCCCCCCCCCCC[N+](C)(C)CCC,19704734,C19H42N+,284.5,"InChI=1S/C19H42N/c1-5-7-8-9-10-11-12-13-14-15-16-17-19-20(3,4)18-6-2/h5-19H2,1-4H3/q+1",UOBWYWBNUXIGND-UHFFFAOYSA-N,dimethyl-propyl-tetradecylazanium,7.8,284.331725344,284.331725344,0,186,1,0,0,15,20,263.8,42.32,1.29,0.78,3.0,0.0,0.0,0.0,1.0,0.0,2.0,1.2,15.0,10
245,19,CCCCCCCCCCCCCC[N+](C)(CC)CC,54500718,C19H42N+,284.5,"InChI=1S/C19H42N/c1-5-8-9-10-11-12-13-14-15-16-17-18-19-20(4,6-2)7-3/h5-19H2,1-4H3/q+1",YCFMVCGMSIYPOE-UHFFFAOYSA-N,diethyl-methyl-tetradecylazanium,7.7,284.331725344,284.331725344,0,184,1,0,0,15,20,262.4,40.05,1.23,0.94,2.0,0.0,0.0,0.0,1.0,0.0,1.0,1.4,15.0,10
246,19,CCCCCCCCCCCCC[N+](C)(C)CCCC,53775594,C19H42N+,284.5,"InChI=1S/C19H42N/c1-5-7-9-10-11-12-13-14-15-16-17-19-20(3,4)18-8-6-2/h5-19H2,1-4H3/q+1",DRRPJLMDGVWXCP-UHFFFAOYSA-N,butyl-dimethyl-tridecylazanium,7.7,284.331725344,284.331725344,0,186,1,0,0,15,20,263.5,39.09,1.73,0.8,3.0,0.0,0.0,0.0,1.0,0.0,2.0,1.2,15.0,10
248,19,CCCCCCCCCCCCC[N+](CC)(CC)CC,10446619,C19H42N+,284.5,"InChI=1S/C19H42N/c1-5-9-10-11-12-13-14-15-16-17-18-19-20(6-2,7-3)8-4/h5-19H2,1-4H3/q+1",PGNGVFSZMOYXEM-UHFFFAOYSA-N,triethyl(tridecyl)azanium,7.5,284.331725344,284.331725344,0,176,1,0,0,15,20,260.6,35.58,1.26,1.19,2.0,0.0,0.0,0.0,1.0,0.0,1.0,1.2,15.0,10
249,19,CCCCCCCCCCCC[N+](C)(C)CCCCC,54510551,C19H42N+,284.5,"InChI=1S/C19H42N/c1-5-7-9-10-11-12-13-14-15-17-19-20(3,4)18-16-8-6-2/h5-19H2,1-4H3/q+1",DKEMFRHTOOPDIZ-UHFFFAOYSA-N,dodecyl-dimethyl-pentylazanium,7.7,284.331725344,284.331725344,0,186,1,0,0,15,20,263.0,16.32,3.88,0.94,3.0,0.0,0.0,0.0,1.0,0.0,2.0,1.4,15.0,10
250,19,CCCCCCCCCCCC[N+](C)(CC)CCCC,14494864,C19H42N+,284.5,"InChI=1S/C19H42N/c1-5-8-10-11-12-13-14-15-16-17-19-20(4,7-3)18-9-6-2/h5-19H2,1-4H3/q+1",AZLBSDVMRTUWGY-UHFFFAOYSA-N,butyl-dodecyl-ethyl-methylazanium,7.5,284.331725344,284.331725344,0,190,1,0,0,15,20,261.6,17.89,3.3,1.15,3.0,0.0,0.0,0.0,1.0,0.0,2.0,1.2,15.0,10
251,19,CCCCCCCCCCCC[N+](C)(CCC)CCC,118583984,C19H42N+,284.5,"InChI=1S/C19H42N/c1-5-8-9-10-11-12-13-14-15-16-19-20(4,17-6-2)18-7-3/h5-19H2,1-4H3/q+1",FIKOYHKGTUGRJI-UHFFFAOYSA-N,dodecyl-methyl-dipropylazanium,7.7,284.331725344,284.331725344,0,182,1,0,0,15,20,262.0,31.65,2.23,1.0,4.0,0.0,0.0,0.0,1.0,0.0,3.0,1.2,15.0,10
252,19,CCCCCCCCCCCC[N+](CC)(CC)CCC,14494918,C19H42N+,284.5,"InChI=1S/C19H42N/c1-5-9-10-11-12-13-14-15-16-17-19-20(7-3,8-4)18-6-2/h5-19H2,1-4H3/q+1",JJFZCYVMZGLXKG-UHFFFAOYSA-N,dodecyl-diethyl-propylazanium,7.5,284.331725344,284.331725344,0,184,1,0,0,15,20,260.5,30.23,1.93,1.18,3.0,0.0,0.0,0.0,1.0,0.0,2.0,1.2,15.0,10
253,19,CCCCCCCCCCC[N+](C)(C)CCCCCC,19369143,C19H42N+,284.5,"InChI=1S/C19H42N/c1-5-7-9-11-12-13-14-15-17-19-20(3,4)18-16-10-8-6-2/h5-19H2,1-4H3/q+1",QYBXATIYURYMGD-UHFFFAOYSA-N,hexyl-dimethyl-undecylazanium,7.7,284.331725344,284.331725344,0,186,1,0,0,15,20,263.4,33.82,2.96,0.8,4.0,0.0,0.0,0.0,1.0,0.0,3.0,1.4,15.0,10
256,19,CCCCCCCCCCC[N+](CC)(CC)CCCC,87495438,C19H42N+,284.5,"InChI=1S/C19H42N/c1-5-9-11-12-13-14-15-16-17-19-20(7-3,8-4)18-10-6-2/h5-19H2,1-4H3/q+1",MFXRZZLKPARXJO-UHFFFAOYSA-N,butyl-diethyl-undecylazanium,7.3,284.331725344,284.331725344,0,184,1,0,0,15,20,260.3,24.78,2.89,1.19,3.0,0.0,0.0,0.0,1.0,0.0,2.0,1.4,15.0,10
258,19,CCCCCCCCCC[N+](C)(C)CCCCCCC,87129446,C19H42N+,284.5,"InChI=1S/C19H42N/c1-5-7-9-11-12-13-15-17-19-20(3,4)18-16-14-10-8-6-2/h5-19H2,1-4H3/q+1",RYAXJKPCCHALMI-UHFFFAOYSA-N,decyl-heptyl-dimethylazanium,7.7,284.331725344,284.331725344,0,186,1,0,0,15,20,263.1,11.5,5.44,0.92,4.0,0.0,0.0,0.0,1.0,0.0,3.0,1.4,15.0,10
261,19,CCCCCCCCCC[N+](C)(CCCC)CCCC,13743819,C19H42N+,284.5,"InChI=1S/C19H42N/c1-5-8-11-12-13-14-15-16-19-20(4,17-9-6-2)18-10-7-3/h5-19H2,1-4H3/q+1",WZXQOCUZSQHGCO-UHFFFAOYSA-N,dibutyl-decyl-methylazanium,7.3,284.331725344,284.331725344,0,180,1,0,0,15,20,261.3,14.67,3.05,1.95,4.0,0.0,0.0,0.0,1.0,0.0,3.0,1.2,15.0,10
264,19,CCCCCCCCCC[N+](CCC)(CCC)CCC,18778973,C19H42N+,284.5,"InChI=1S/C19H42N/c1-5-9-10-11-12-13-14-15-19-20(16-6-2,17-7-3)18-8-4/h5-19H2,1-4H3/q+1",KLXGQSKCSMRVDN-UHFFFAOYSA-N,decyl(tripropyl)azanium,7.5,284.331725344,284.331725344,0,171,1,0,0,15,20,260.4,22.46,2.3,1.93,5.0,0.0,0.0,0.0,1.0,0.0,4.0,1.2,15.0,10
265,19,CCCCCCCCC[N+](C)(C)CCCCCCCC,85623243,C19H42N+,284.5,"InChI=1S/C19H42N/c1-5-7-9-11-13-15-17-19-20(3,4)18-16-14-12-10-8-6-2/h5-19H2,1-4H3/q+1",KUXVGIORXKTGET-UHFFFAOYSA-N,dimethyl-nonyl-octylazanium,7.7,284.331725344,284.331725344,0,186,1,0,0,15,20,263.6,20.82,7.44,0.92,5.0,0.0,0.0,0.0,1.0,0.0,4.0,1.4,15.0,10
273,19,CCCCCCCC[N+](C)(CC)CCCCCCCC,54567820,C19H42N+,284.5,"InChI=1S/C19H42N/c1-5-8-10-12-14-16-18-20(4,7-3)19-17-15-13-11-9-6-2/h5-19H2,1-4H3/q+1",ZVCCGFNKFVNWTL-UHFFFAOYSA-N,ethyl-methyl-dioctylazanium,7.5,284.331725344,284.331725344,0,172,1,0,0,15,20,261.7,11.89,8.85,1.29,7.0,0.0,0.0,0.0,1.0,0.0,6.0,1.4,15.0,10
275,19,CCCCCCCC[N+](C)(CCCC)CCCCCC,71382090,C19H42N+,284.5,"InChI=1S/C19H42N/c1-5-8-11-13-14-16-19-20(4,17-10-7-3)18-15-12-9-6-2/h5-19H2,1-4H3/q+1",XQPXQCONFXYTGB-UHFFFAOYSA-N,butyl-hexyl-methyl-octylazanium,7.3,284.331725344,284.331725344,0,190,1,0,0,15,20,261.6,19.01,4.77,1.37,7.0,0.0,0.0,0.0,1.0,0.0,6.0,1.4,15.0,10
277,19,CCCCCCCC[N+](CC)(CC)CCCCCCC,54251353,C19H42N+,284.5,"InChI=1S/C19H42N/c1-5-9-11-13-15-17-19-20(7-3,8-4)18-16-14-12-10-6-2/h5-19H2,1-4H3/q+1",QWZCLPMNXYDYIQ-UHFFFAOYSA-N,diethyl-heptyl-octylazanium,7.3,284.331725344,284.331725344,0,184,1,0,0,15,20,260.5,13.33,8.33,1.19,6.0,0.0,0.0,0.0,1.0,0.0,5.0,1.4,15.0,10
280,19,CCCCCCCC[N+](CCC)(CCC)CCCCC,87493236,C19H42N+,284.5,"InChI=1S/C19H42N/c1-5-9-11-12-13-15-19-20(16-7-3,17-8-4)18-14-10-6-2/h5-19H2,1-4H3/q+1",HNKCDUAKZYAIGV-UHFFFAOYSA-N,octyl-pentyl-dipropylazanium,7.3,284.331725344,284.331725344,0,182,1,0,0,15,20,260.1,12.04,4.7,2.03,7.0,0.0,0.0,0.0,1.0,0.0,6.0,1.2,15.0,10
283,19,CCCCCCC[N+](C)(CCCCC)CCCCCC,175529073,C19H42N+,284.5,"InChI=1S/C19H42N/c1-5-8-11-13-16-19-20(4,17-14-10-7-3)18-15-12-9-6-2/h5-19H2,1-4H3/q+1",GAAOOLXLMVLNKD-UHFFFAOYSA-N,heptyl-hexyl-methyl-pentylazanium,7.3,284.331725344,284.331725344,0,190,1,0,0,15,20,262.0,13.32,7.2,1.08,6.0,0.0,0.0,0.0,1.0,0.0,5.0,1.4,15.0,10
289,19,CCCCCCC[N+](CCCC)(CCCC)CCCC,5003685,C19H42N+,284.5,"InChI=1S/C19H42N/c1-5-9-13-14-15-19-20(16-10-6-2,17-11-7-3)18-12-8-4/h5-19H2,1-4H3/q+1",AQQOUVLRCMEMHI-UHFFFAOYSA-N,tributyl(heptyl)azanium,6.9,284.331725344,284.331725344,0,166,1,0,0,15,20,260.2,11.94,3.99,3.17,6.0,0.0,0.0,0.0,1.0,0.0,5.0,1.2,15.0,10
290,19,CCCCCC[N+](C)(CCCCCC)CCCCCC,11783458,C19H42N+,284.5,"InChI=1S/C19H42N/c1-5-8-11-14-17-20(4,18-15-12-9-6-2)19-16-13-10-7-3/h5-19H2,1-4H3/q+1",HSQNIIUDNMPIJI-UHFFFAOYSA-N,trihexyl(methyl)azanium,7.3,284.331725344,284.331725344,0,157,1,0,0,15,20,261.4,13.07,7.88,1.51,7.0,0.0,0.0,0.0,1.0,0.0,6.0,1.2,15.0,10
294,19,CCCCCC[N+](CCCC)(CCCC)CCCCC,87494935,C19H42N+,284.5,"InChI=1S/C19H42N/c1-5-9-13-15-19-20(16-11-7-3,17-12-8-4)18-14-10-6-2/h5-19H2,1-4H3/q+1",OIWLHCRVCRRGEB-UHFFFAOYSA-N,dibutyl-hexyl-pentylazanium,6.9,284.331725344,284.331725344,0,180,1,0,0,15,20,260.1,9.2,5.48,3.17,6.0,0.0,0.0,0.0,1.0,0.0,5.0,1.2,15.0,10
295,19,CCCCC[N+](CCCC)(CCCCC)CCCCC,14022644,C19H42N+,284.5,"InChI=1S/C19H42N/c1-5-9-13-17-20(16-12-8-4,18-14-10-6-2)19-15-11-7-3/h5-19H2,1-4H3/q+1",UUCVSMIZOZNNDM-UHFFFAOYSA-N,butyl(tripentyl)azanium,6.9,284.331725344,284.331725344,0,162,1,0,0,15,20,260.6,9.13,5.3,3.46,5.0,0.0,0.0,0.0,1.0,0.0,4.0,1.2,15.0,10
296,20,CCCCCCCCCCCCCCCC[N+](C)(C)CC,31281,C20H44N+,298.6,"InChI=1S/C20H44N/c1-5-7-8-9-10-11-12-13-14-15-16-17-18-19-20-21(3,4)6-2/h5-20H2,1-4H3/q+1",VCAVAURZPNANDQ-UHFFFAOYSA-N,ethyl-hexadecyl-dimethylazanium,8.4,298.347375408,298.347375408,0,198,1,0,0,16,21,,,,,,,,,,,,,,0
297,20,CCCCCCCCCCCCCCC[N+](C)(C)CCC,175568559,C20H44N+,298.6,"InChI=1S/C20H44N/c1-5-7-8-9-10-11-12-13-14-15-16-17-18-20-21(3,4)19-6-2/h5-20H2,1-4H3/q+1",PYQAWPNRBMOSBX-UHFFFAOYSA-N,dimethyl-pentadecyl-propylazanium,8.4,298.347375408,298.347375408,0,198,1,0,0,16,21,,,,,,,,,,,,,,0
299,20,CCCCCCCCCCCCCC[N+](C)(C)CCCC,13075676,C20H44N+,298.6,"InChI=1S/C20H44N/c1-5-7-9-10-11-12-13-14-15-16-17-18-20-21(3,4)19-8-6-2/h5-20H2,1-4H3/q+1",KWVRYCVTRIVEIP-UHFFFAOYSA-N,butyl-dimethyl-tetradecylazanium,8.2,298.347375408,298.347375408,0,198,1,0,0,16,21,,,,,,,,,,,,,,0
301,20,CCCCCCCCCCCCCC[N+](CC)(CC)CC,28911,C20H44N+,298.6,"InChI=1S/C20H44N/c1-5-9-10-11-12-13-14-15-16-17-18-19-20-21(6-2,7-3)8-4/h5-20H2,1-4H3/q+1",JXCCIZBMTUFJKN-UHFFFAOYSA-N,triethyl(tetradecyl)azanium,8.0,298.347375408,298.347375408,0,188,1,0,0,16,21,,,,,,,,,,,,,,0
302,20,CCCCCCCCCCCCC[N+](C)(C)CCCCC,160884159,C20H44N+,298.6,"InChI=1S/C20H44N/c1-5-7-9-10-11-12-13-14-15-16-18-20-21(3,4)19-17-8-6-2/h5-20H2,1-4H3/q+1",SNKLVHGXYBUEOG-UHFFFAOYSA-N,dimethyl-pentyl-tridecylazanium,8.2,298.347375408,298.347375408,0,198,1,0,0,16,21,,,,,,,,,,,,,,0
306,20,CCCCCCCCCCCC[N+](C)(C)CCCCCC,53898943,C20H44N+,298.6,"InChI=1S/C20H44N/c1-5-7-9-11-12-13-14-15-16-18-20-21(3,4)19-17-10-8-6-2/h5-20H2,1-4H3/q+1",HVSVAKDSRSDRFQ-UHFFFAOYSA-N,dodecyl-hexyl-dimethylazanium,8.2,298.347375408,298.347375408,0,198,1,0,0,16,21,,,,,,,,,,,,,,0
309,20,CCCCCCCCCCCC[N+](CC)(CC)CCCC,86108924,C20H44N+,298.6,"InChI=1S/C20H44N/c1-5-9-11-12-13-14-15-16-17-18-20-21(7-3,8-4)19-10-6-2/h5-20H2,1-4H3/q+1",CFKKOFHUCJKTTI-UHFFFAOYSA-N,butyl-dodecyl-diethylazanium,7.8,298.347375408,298.347375408,0,196,1,0,0,16,21,,,,,,,,,,,,,,0
310,20,CCCCCCCCCCCC[N+](CC)(CCC)CCC,54298149,C20H44N+,298.6,"InChI=1S/C20H44N/c1-5-9-10-11-12-13-14-15-16-17-20-21(8-4,18-6-2)19-7-3/h5-20H2,1-4H3/q+1",PIHNERPEAXSCFE-UHFFFAOYSA-N,dodecyl-ethyl-dipropylazanium,8.0,298.347375408,298.347375408,0,194,1,0,0,16,21,,,,,,,,,,,,,,0
311,20,CCCCCCCCCCC[N+](C)(C)CCCCCCC,122480849,C20H44N+,298.6,"InChI=1S/C20H44N/c1-5-7-9-11-12-13-14-16-18-20-21(3,4)19-17-15-10-8-6-2/h5-20H2,1-4H3/q+1",UEYNLJDXOYUJLZ-UHFFFAOYSA-N,heptyl-dimethyl-undecylazanium,8.2,298.347375408,298.347375408,0,198,1,0,0,16,21,,,,,,,,,,,,,,0
317,20,CCCCCCCCCCC[N+](CCC)(CCC)CCC,21869091,C20H44N+,298.6,"InChI=1S/C20H44N/c1-5-9-10-11-12-13-14-15-16-20-21(17-6-2,18-7-3)19-8-4/h5-20H2,1-4H3/q+1",BMVXTFBCXMJUBK-UHFFFAOYSA-N,tripropyl(undecyl)azanium,8.0,298.347375408,298.347375408,0,183,1,0,0,16,21,,,,,,,,,,,,,,0
318,20,CCCCCCCCCC[N+](C)(C)CCCCCCCC,61907,C20H44N+,298.6,"InChI=1S/C20H44N/c1-5-7-9-11-13-14-16-18-20-21(3,4)19-17-15-12-10-8-6-2/h5-20H2,1-4H3/q+1",JVCWUSHFUPUBHQ-UHFFFAOYSA-N,decyl-dimethyl-octylazanium,8.2,298.347375408,298.347375408,0,198,1,0,0,16,21,,,,,,,,,,,,,,0
320,20,CCCCCCCCCC[N+](C)(CCC)CCCCCC,139745001,C20H44N+,298.6,"InChI=1S/C20H44N/c1-5-8-10-12-13-14-15-17-20-21(4,18-7-3)19-16-11-9-6-2/h5-20H2,1-4H3/q+1",YXTHRWFCKXTHRO-UHFFFAOYSA-N,decyl-hexyl-methyl-propylazanium,8.0,298.347375408,298.347375408,0,202,1,0,0,16,21,,,,,,,,,,,,,,0
326,20,CCCCCCCCC[N+](C)(C)CCCCCCCCC,19706495,C20H44N+,298.6,"InChI=1S/C20H44N/c1-5-7-9-11-13-15-17-19-21(3,4)20-18-16-14-12-10-8-6-2/h5-20H2,1-4H3/q+1",YPBRFSSYMIPHOO-UHFFFAOYSA-N,dimethyl-di(nonyl)azanium,8.2,298.347375408,298.347375408,0,178,1,0,0,16,21,,,,,,,,,,,,,,0
327,20,CCCCCCCCC[N+](C)(CC)CCCCCCCC,175528867,C20H44N+,298.6,"InChI=1S/C20H44N/c1-5-8-10-12-14-16-18-20-21(4,7-3)19-17-15-13-11-9-6-2/h5-20H2,1-4H3/q+1",MMODFIZDMVZWQJ-UHFFFAOYSA-N,ethyl-methyl-nonyl-octylazanium,8.0,298.347375408,298.347375408,0,202,1,0,0,16,21,,,,,,,,,,,,,,0
336,20,CCCCCCCC[N+](C)(CCC)CCCCCCCC,52936837,C20H44N+,298.6,"InChI=1S/C20H44N/c1-5-8-10-12-14-16-19-21(4,18-7-3)20-17-15-13-11-9-6-2/h5-20H2,1-4H3/q+1",SWFPHYMQJOLEOL-UHFFFAOYSA-N,methyl-dioctyl-propylazanium,8.0,298.347375408,298.347375408,0,184,1,0,0,16,21,,,,,,,,,,,,,,0
339,20,CCCCCCCC[N+](CC)(CC)CCCCCCCC,19602104,C20H44N+,298.6,"InChI=1S/C20H44N/c1-5-9-11-13-15-17-19-21(7-3,8-4)20-18-16-14-12-10-6-2/h5-20H2,1-4H3/q+1",YHGYWQSVROLRND-UHFFFAOYSA-N,diethyl(dioctyl)azanium,7.8,298.347375408,298.347375408,0,178,1,0,0,16,21,,,,,,,,,,,,,,0
343,20,CCCCCCCC[N+](CCC)(CCC)CCCCCC,87492278,C20H44N+,298.6,"InChI=1S/C20H44N/c1-5-9-11-13-14-16-20-21(17-7-3,18-8-4)19-15-12-10-6-2/h5-20H2,1-4H3/q+1",NPNAARAFESAEJR-UHFFFAOYSA-N,hexyl-octyl-dipropylazanium,7.8,298.347375408,298.347375408,0,194,1,0,0,16,21,,,,,,,,,,,,,,0
344,20,CCCCCCCC[N+](CCC)(CCCC)CCCCC,18317197,C20H44N+,298.6,"InChI=1S/C20H44N/c1-5-9-12-13-14-16-20-21(17-8-4,18-11-7-3)19-15-10-6-2/h5-20H2,1-4H3/q+1",RGJKWNXWJFQILP-UHFFFAOYSA-N,butyl-octyl-pentyl-propylazanium,7.6,298.347375408,298.347375408,0,202,1,0,0,16,21,,,,,,,,,,,,,,0
345,20,CCCCCCCC[N+](CCCC)(CCCC)CCCC,408233,C20H44N+,298.6,"InChI=1S/C20H44N/c1-5-9-13-14-15-16-20-21(17-10-6-2,18-11-7-3)19-12-8-4/h5-20H2,1-4H3/q+1",VMJGCUPCIRNLPY-UHFFFAOYSA-N,tributyl(octyl)azanium,7.9,298.347375408,298.347375408,0,178,1,0,0,16,21,,,,,,,,,,,,,,0
347,20,CCCCCCC[N+](C)(CCCCCC)CCCCCC,175529579,C20H44N+,298.6,"InChI=1S/C20H44N/c1-5-8-11-14-17-20-21(4,18-15-12-9-6-2)19-16-13-10-7-3/h5-20H2,1-4H3/q+1",SKVGMCJLHLFFKH-UHFFFAOYSA-N,heptyl-dihexyl-methylazanium,7.8,298.347375408,298.347375408,0,188,1,0,0,16,21,,,,,,,,,,,,,,0
350,20,CCCCCCC[N+](CCC)(CCC)CCCCCCC,87534339,C20H44N+,298.6,"InChI=1S/C20H44N/c1-5-9-11-13-15-19-21(17-7-3,18-8-4)20-16-14-12-10-6-2/h5-20H2,1-4H3/q+1",CSJVCYCJELVOGN-UHFFFAOYSA-N,diheptyl(dipropyl)azanium,7.8,298.347375408,298.347375408,0,178,1,0,0,16,21,,,,,,,,,,,,,,0
354,20,CCCCCC[N+](CC)(CCCCCC)CCCCCC,14022641,C20H44N+,298.6,"InChI=1S/C20H44N/c1-5-9-12-15-18-21(8-4,19-16-13-10-6-2)20-17-14-11-7-3/h5-20H2,1-4H3/q+1",VDLSLJHFHCXQER-UHFFFAOYSA-N,ethyl(trihexyl)azanium,7.6,298.347375408,298.347375408,0,169,1,0,0,16,21,,,,,,,,,,,,,,0
356,20,CCCCCC[N+](CCCC)(CCCC)CCCCCC,87534272,C20H44N+,298.6,"InChI=1S/C20H44N/c1-5-9-13-15-19-21(17-11-7-3,18-12-8-4)20-16-14-10-6-2/h5-20H2,1-4H3/q+1",BVGVQIHHYIEDHU-UHFFFAOYSA-N,dibutyl(dihexyl)azanium,7.4,298.347375408,298.347375408,0,178,1,0,0,16,21,,,,,,,,,,,,,,0
358,20,CCCCC[N+](CCCCC)(CCCCC)CCCCC,17249,C20H44N+,298.6,"InChI=1S/C20H44N/c1-5-9-13-17-21(18-14-10-6-2,19-15-11-7-3)20-16-12-8-4/h5-20H2,1-4H3/q+1",GJSGYPDDPQRWPK-UHFFFAOYSA-N,tetrapentylazanium,7.4,298.347375408,298.347375408,0,155,1,0,0,16,21,,,,,,,,,,,,,,0
