Index,Original_Index,Num_c,SMILES,SMILES_Salt,Halide_Type
1,1,4,C[N+](C)(C)C,C[N+](C)(C)C.[Br-],Bromide
2,1,4,C[N+](C)(C)C,C[N+](C)(C)C.[Cl-],Chloride
3,2,5,CC[N+](C)(C)C,CC[N+](C)(C)C.[Br-],Bromide
4,2,5,CC[N+](C)(C)C,CC[N+](C)(C)C.[Cl-],Chloride
5,3,6,CC(C)[N+](C)(C)C,CC(C)[N+](C)(C)C.[Br-],Bromide
6,3,6,CC(C)[N+](C)(C)C,CC(C)[N+](C)(C)C.[Cl-],Chloride
7,4,6,CCC[N+](C)(C)C,CCC[N+](C)(C)C.[Br-],Bromide
8,4,6,CCC[N+](C)(C)C,CCC[N+](C)(C)C.[Cl-],Chloride
9,5,6,CC[N+](C)(C)CC,CC[N+](C)(C)CC.[Br-],Bromide
10,5,6,CC[N+](C)(C)CC,CC[N+](C)(C)CC.[Cl-],Chloride
11,6,7,CC(C)(C)[N+](C)(C)C,CC(C)(C)[N+](C)(C)C.[Br-],Bromide
12,6,7,CC(C)(C)[N+](C)(C)C,CC(C)(C)[N+](C)(C)C.[Cl-],Chloride
13,7,7,CC(C)C[N+](C)(C)C,CC(C)C[N+](C)(C)C.[Br-],Bromide
14,7,7,CC(C)C[N+](C)(C)C,CC(C)C[N+](C)(C)C.[Cl-],Chloride
15,8,7,CCCC[N+](C)(C)C,CCCC[N+](C)(C)C.[Br-],Bromide
16,8,7,CCCC[N+](C)(C)C,CCCC[N+](C)(C)C.[Cl-],Chloride
17,9,7,CCC[N+](C)(C)CC,CCC[N+](C)(C)CC.[Br-],Bromide
18,9,7,CCC[N+](C)(C)CC,CCC[N+](C)(C)CC.[Cl-],Chloride
19,10,7,CC[N+](C)(C)C(C)C,CC[N+](C)(C)C(C)C.[Br-],Bromide
20,10,7,CC[N+](C)(C)C(C)C,CC[N+](C)(C)C(C)C.[Cl-],Chloride
21,11,7,CC[N+](C)(CC)CC,CC[N+](C)(CC)CC.[Br-],Bromide
22,11,7,CC[N+](C)(CC)CC,CC[N+](C)(CC)CC.[Cl-],Chloride
23,12,8,CC(C)CC[N+](C)(C)C,CC(C)CC[N+](C)(C)C.[Br-],Bromide
24,12,8,CC(C)CC[N+](C)(C)C,CC(C)CC[N+](C)(C)C.[Cl-],Chloride
25,13,8,CC(C)[N+](C)(C)C(C)C,CC(C)[N+](C)(C)C(C)C.[Br-],Bromide
26,13,8,CC(C)[N+](C)(C)C(C)C,CC(C)[N+](C)(C)C(C)C.[Cl-],Chloride
27,14,8,CCC(C)C[N+](C)(C)C,CCC(C)C[N+](C)(C)C.[Br-],Bromide
28,14,8,CCC(C)C[N+](C)(C)C,CCC(C)C[N+](C)(C)C.[Cl-],Chloride
29,15,8,CCCC(C)[N+](C)(C)C,CCCC(C)[N+](C)(C)C.[Br-],Bromide
30,15,8,CCCC(C)[N+](C)(C)C,CCCC(C)[N+](C)(C)C.[Cl-],Chloride
31,16,8,CCCCC[N+](C)(C)C,CCCCC[N+](C)(C)C.[Br-],Bromide
32,16,8,CCCCC[N+](C)(C)C,CCCCC[N+](C)(C)C.[Cl-],Chloride
33,17,8,CCCC[N+](C)(C)CC,CCCC[N+](C)(C)CC.[Br-],Bromide
34,17,8,CCCC[N+](C)(C)CC,CCCC[N+](C)(C)CC.[Cl-],Chloride
35,18,8,CCC[N+](C)(C)C(C)C,CCC[N+](C)(C)C(C)C.[Br-],Bromide
36,18,8,CCC[N+](C)(C)C(C)C,CCC[N+](C)(C)C(C)C.[Cl-],Chloride
37,19,8,CCC[N+](C)(C)CCC,CCC[N+](C)(C)CCC.[Br-],Bromide
38,19,8,CCC[N+](C)(C)CCC,CCC[N+](C)(C)CCC.[Cl-],Chloride
39,20,8,CCC[N+](C)(CC)CC,CCC[N+](C)(CC)CC.[Br-],Bromide
40,20,8,CCC[N+](C)(CC)CC,CCC[N+](C)(CC)CC.[Cl-],Chloride
41,21,8,CC[N+](C)(C)C(C)(C)C,CC[N+](C)(C)C(C)(C)C.[Br-],Bromide
42,21,8,CC[N+](C)(C)C(C)(C)C,CC[N+](C)(C)C(C)(C)C.[Cl-],Chloride
43,22,8,CC[N+](C)(C)CC(C)C,CC[N+](C)(C)CC(C)C.[Br-],Bromide
44,22,8,CC[N+](C)(C)CC(C)C,CC[N+](C)(C)CC(C)C.[Cl-],Chloride
45,23,8,CC[N+](C)(CC)C(C)C,CC[N+](C)(CC)C(C)C.[Br-],Bromide
46,23,8,CC[N+](C)(CC)C(C)C,CC[N+](C)(CC)C(C)C.[Cl-],Chloride
47,24,8,CC[N+](CC)(CC)CC,CC[N+](CC)(CC)CC.[Br-],Bromide
48,24,8,CC[N+](CC)(CC)CC,CC[N+](CC)(CC)CC.[Cl-],Chloride
49,25,9,CC(C)C[N+](C)(C)C(C)C,CC(C)C[N+](C)(C)C(C)C.[Br-],Bromide
50,25,9,CC(C)C[N+](C)(C)C(C)C,CC(C)C[N+](C)(C)C(C)C.[Cl-],Chloride
51,26,9,CC(C)[N+](C)(C)C(C)(C)C,CC(C)[N+](C)(C)C(C)(C)C.[Br-],Bromide
52,26,9,CC(C)[N+](C)(C)C(C)(C)C,CC(C)[N+](C)(C)C(C)(C)C.[Cl-],Chloride
53,27,9,CCC(C)C[N+](C)(C)CC,CCC(C)C[N+](C)(C)CC.[Br-],Bromide
54,27,9,CCC(C)C[N+](C)(C)CC,CCC(C)C[N+](C)(C)CC.[Cl-],Chloride
55,28,9,CCCC(C)[N+](C)(C)CC,CCCC(C)[N+](C)(C)CC.[Br-],Bromide
56,28,9,CCCC(C)[N+](C)(C)CC,CCCC(C)[N+](C)(C)CC.[Cl-],Chloride
57,29,9,CCCCCC[N+](C)(C)C,CCCCCC[N+](C)(C)C.[Br-],Bromide
58,29,9,CCCCCC[N+](C)(C)C,CCCCCC[N+](C)(C)C.[Cl-],Chloride
59,30,9,CCCCC[N+](C)(C)CC,CCCCC[N+](C)(C)CC.[Br-],Bromide
60,30,9,CCCCC[N+](C)(C)CC,CCCCC[N+](C)(C)CC.[Cl-],Chloride
61,31,9,CCCC[N+](C)(C)C(C)C,CCCC[N+](C)(C)C(C)C.[Br-],Bromide
62,31,9,CCCC[N+](C)(C)C(C)C,CCCC[N+](C)(C)C(C)C.[Cl-],Chloride
63,32,9,CCCC[N+](C)(C)CCC,CCCC[N+](C)(C)CCC.[Br-],Bromide
64,32,9,CCCC[N+](C)(C)CCC,CCCC[N+](C)(C)CCC.[Cl-],Chloride
65,33,9,CCCC[N+](C)(CC)CC,CCCC[N+](C)(CC)CC.[Br-],Bromide
66,33,9,CCCC[N+](C)(CC)CC,CCCC[N+](C)(CC)CC.[Cl-],Chloride
67,34,9,CCC[N+](C)(C)C(C)(C)C,CCC[N+](C)(C)C(C)(C)C.[Br-],Bromide
68,34,9,CCC[N+](C)(C)C(C)(C)C,CCC[N+](C)(C)C(C)(C)C.[Cl-],Chloride
69,35,9,CCC[N+](C)(C)CC(C)C,CCC[N+](C)(C)CC(C)C.[Br-],Bromide
70,35,9,CCC[N+](C)(C)CC(C)C,CCC[N+](C)(C)CC(C)C.[Cl-],Chloride
71,36,9,CCC[N+](C)(CC)C(C)C,CCC[N+](C)(CC)C(C)C.[Br-],Bromide
72,36,9,CCC[N+](C)(CC)C(C)C,CCC[N+](C)(CC)C(C)C.[Cl-],Chloride
73,37,9,CCC[N+](C)(CC)CCC,CCC[N+](C)(CC)CCC.[Br-],Bromide
74,37,9,CCC[N+](C)(CC)CCC,CCC[N+](C)(CC)CCC.[Cl-],Chloride
75,38,9,CCC[N+](CC)(CC)CC,CCC[N+](CC)(CC)CC.[Br-],Bromide
76,38,9,CCC[N+](CC)(CC)CC,CCC[N+](CC)(CC)CC.[Cl-],Chloride
77,39,9,CC[N+](C)(C(C)C)C(C)C,CC[N+](C)(C(C)C)C(C)C.[Br-],Bromide
78,39,9,CC[N+](C)(C(C)C)C(C)C,CC[N+](C)(C(C)C)C(C)C.[Cl-],Chloride
79,40,9,CC[N+](C)(C)CCC(C)C,CC[N+](C)(C)CCC(C)C.[Br-],Bromide
80,40,9,CC[N+](C)(C)CCC(C)C,CC[N+](C)(C)CCC(C)C.[Cl-],Chloride
81,41,9,CC[N+](C)(CC)C(C)(C)C,CC[N+](C)(CC)C(C)(C)C.[Br-],Bromide
82,41,9,CC[N+](C)(CC)C(C)(C)C,CC[N+](C)(CC)C(C)(C)C.[Cl-],Chloride
83,42,9,CC[N+](C)(CC)CC(C)C,CC[N+](C)(CC)CC(C)C.[Br-],Bromide
84,42,9,CC[N+](C)(CC)CC(C)C,CC[N+](C)(CC)CC(C)C.[Cl-],Chloride
85,43,9,CC[N+](CC)(CC)C(C)C,CC[N+](CC)(CC)C(C)C.[Br-],Bromide
86,43,9,CC[N+](CC)(CC)C(C)C,CC[N+](CC)(CC)C(C)C.[Cl-],Chloride
87,44,10,CC(C)(C)[N+](C)(C)C(C)(C)C,CC(C)(C)[N+](C)(C)C(C)(C)C.[Br-],Bromide
88,44,10,CC(C)(C)[N+](C)(C)C(C)(C)C,CC(C)(C)[N+](C)(C)C(C)(C)C.[Cl-],Chloride
89,45,10,CC(C)CC[N+](C)(C)C(C)C,CC(C)CC[N+](C)(C)C(C)C.[Br-],Bromide
90,45,10,CC(C)CC[N+](C)(C)C(C)C,CC(C)CC[N+](C)(C)C(C)C.[Cl-],Chloride
91,46,10,CC(C)C[N+](C)(C)C(C)(C)C,CC(C)C[N+](C)(C)C(C)(C)C.[Br-],Bromide
92,46,10,CC(C)C[N+](C)(C)C(C)(C)C,CC(C)C[N+](C)(C)C(C)(C)C.[Cl-],Chloride
93,47,10,CC(C)C[N+](C)(C)CC(C)C,CC(C)C[N+](C)(C)CC(C)C.[Br-],Bromide
94,47,10,CC(C)C[N+](C)(C)CC(C)C,CC(C)C[N+](C)(C)CC(C)C.[Cl-],Chloride
95,48,10,CC(C)[N+](C)(C(C)C)C(C)C,CC(C)[N+](C)(C(C)C)C(C)C.[Br-],Bromide
96,48,10,CC(C)[N+](C)(C(C)C)C(C)C,CC(C)[N+](C)(C(C)C)C(C)C.[Cl-],Chloride
97,49,10,CCC(C)C[N+](C)(C)C(C)C,CCC(C)C[N+](C)(C)C(C)C.[Br-],Bromide
98,49,10,CCC(C)C[N+](C)(C)C(C)C,CCC(C)C[N+](C)(C)C(C)C.[Cl-],Chloride
99,51,10,CCCC(C)[N+](C)(C)C(C)C,CCCC(C)[N+](C)(C)C(C)C.[Br-],Bromide
100,51,10,CCCC(C)[N+](C)(C)C(C)C,CCCC(C)[N+](C)(C)C(C)C.[Cl-],Chloride
101,52,10,CCCC(C)[N+](C)(C)CCC,CCCC(C)[N+](C)(C)CCC.[Br-],Bromide
102,52,10,CCCC(C)[N+](C)(C)CCC,CCCC(C)[N+](C)(C)CCC.[Cl-],Chloride
103,53,10,CCCC(C)[N+](C)(CC)CC,CCCC(C)[N+](C)(CC)CC.[Br-],Bromide
104,53,10,CCCC(C)[N+](C)(CC)CC,CCCC(C)[N+](C)(CC)CC.[Cl-],Chloride
105,54,10,CCCCCCC[N+](C)(C)C,CCCCCCC[N+](C)(C)C.[Br-],Bromide
106,54,10,CCCCCCC[N+](C)(C)C,CCCCCCC[N+](C)(C)C.[Cl-],Chloride
107,55,10,CCCCCC[N+](C)(C)CC,CCCCCC[N+](C)(C)CC.[Br-],Bromide
108,55,10,CCCCCC[N+](C)(C)CC,CCCCCC[N+](C)(C)CC.[Cl-],Chloride
109,56,10,CCCCC[N+](C)(C)C(C)C,CCCCC[N+](C)(C)C(C)C.[Br-],Bromide
110,56,10,CCCCC[N+](C)(C)C(C)C,CCCCC[N+](C)(C)C(C)C.[Cl-],Chloride
111,57,10,CCCCC[N+](C)(C)CCC,CCCCC[N+](C)(C)CCC.[Br-],Bromide
112,57,10,CCCCC[N+](C)(C)CCC,CCCCC[N+](C)(C)CCC.[Cl-],Chloride
113,58,10,CCCCC[N+](C)(CC)CC,CCCCC[N+](C)(CC)CC.[Br-],Bromide
114,58,10,CCCCC[N+](C)(CC)CC,CCCCC[N+](C)(CC)CC.[Cl-],Chloride
115,59,10,CCCC[N+](C)(C)C(C)(C)C,CCCC[N+](C)(C)C(C)(C)C.[Br-],Bromide
116,59,10,CCCC[N+](C)(C)C(C)(C)C,CCCC[N+](C)(C)C(C)(C)C.[Cl-],Chloride
117,60,10,CCCC[N+](C)(C)CC(C)C,CCCC[N+](C)(C)CC(C)C.[Br-],Bromide
118,60,10,CCCC[N+](C)(C)CC(C)C,CCCC[N+](C)(C)CC(C)C.[Cl-],Chloride
119,61,10,CCCC[N+](C)(C)CCCC,CCCC[N+](C)(C)CCCC.[Br-],Bromide
120,61,10,CCCC[N+](C)(C)CCCC,CCCC[N+](C)(C)CCCC.[Cl-],Chloride
121,62,10,CCCC[N+](C)(CC)C(C)C,CCCC[N+](C)(CC)C(C)C.[Br-],Bromide
122,62,10,CCCC[N+](C)(CC)C(C)C,CCCC[N+](C)(CC)C(C)C.[Cl-],Chloride
123,63,10,CCCC[N+](C)(CC)CCC,CCCC[N+](C)(CC)CCC.[Br-],Bromide
124,63,10,CCCC[N+](C)(CC)CCC,CCCC[N+](C)(CC)CCC.[Cl-],Chloride
125,64,10,CCCC[N+](CC)(CC)CC,CCCC[N+](CC)(CC)CC.[Br-],Bromide
126,64,10,CCCC[N+](CC)(CC)CC,CCCC[N+](CC)(CC)CC.[Cl-],Chloride
127,65,10,CCC[N+](C)(C(C)C)C(C)C,CCC[N+](C)(C(C)C)C(C)C.[Br-],Bromide
128,65,10,CCC[N+](C)(C(C)C)C(C)C,CCC[N+](C)(C(C)C)C(C)C.[Cl-],Chloride
129,66,10,CCC[N+](C)(C)CC(C)CC,CCC[N+](C)(C)CC(C)CC.[Br-],Bromide
130,66,10,CCC[N+](C)(C)CC(C)CC,CCC[N+](C)(C)CC(C)CC.[Cl-],Chloride
131,67,10,CCC[N+](C)(C)CCC(C)C,CCC[N+](C)(C)CCC(C)C.[Br-],Bromide
132,67,10,CCC[N+](C)(C)CCC(C)C,CCC[N+](C)(C)CCC(C)C.[Cl-],Chloride
133,68,10,CCC[N+](C)(CC)C(C)(C)C,CCC[N+](C)(CC)C(C)(C)C.[Br-],Bromide
134,68,10,CCC[N+](C)(CC)C(C)(C)C,CCC[N+](C)(CC)C(C)(C)C.[Cl-],Chloride
135,69,10,CCC[N+](C)(CC)CC(C)C,CCC[N+](C)(CC)CC(C)C.[Br-],Bromide
136,69,10,CCC[N+](C)(CC)CC(C)C,CCC[N+](C)(CC)CC(C)C.[Cl-],Chloride
137,70,10,CCC[N+](C)(CCC)C(C)C,CCC[N+](C)(CCC)C(C)C.[Br-],Bromide
138,70,10,CCC[N+](C)(CCC)C(C)C,CCC[N+](C)(CCC)C(C)C.[Cl-],Chloride
139,71,10,CCC[N+](C)(CCC)CCC,CCC[N+](C)(CCC)CCC.[Br-],Bromide
140,71,10,CCC[N+](C)(CCC)CCC,CCC[N+](C)(CCC)CCC.[Cl-],Chloride
141,72,10,CCC[N+](CC)(CC)C(C)C,CCC[N+](CC)(CC)C(C)C.[Br-],Bromide
142,72,10,CCC[N+](CC)(CC)C(C)C,CCC[N+](CC)(CC)C(C)C.[Cl-],Chloride
143,73,10,CCC[N+](CC)(CC)CCC,CCC[N+](CC)(CC)CCC.[Br-],Bromide
144,73,10,CCC[N+](CC)(CC)CCC,CCC[N+](CC)(CC)CCC.[Cl-],Chloride
145,74,10,CC[N+](C)(C(C)C)C(C)(C)C,CC[N+](C)(C(C)C)C(C)(C)C.[Br-],Bromide
146,74,10,CC[N+](C)(C(C)C)C(C)(C)C,CC[N+](C)(C(C)C)C(C)(C)C.[Cl-],Chloride
147,75,10,CC[N+](C)(CC(C)C)C(C)C,CC[N+](C)(CC(C)C)C(C)C.[Br-],Bromide
148,75,10,CC[N+](C)(CC(C)C)C(C)C,CC[N+](C)(CC(C)C)C(C)C.[Cl-],Chloride
149,76,10,CC[N+](C)(CC)CCC(C)C,CC[N+](C)(CC)CCC(C)C.[Br-],Bromide
150,76,10,CC[N+](C)(CC)CCC(C)C,CC[N+](C)(CC)CCC(C)C.[Cl-],Chloride
151,77,10,CC[N+](CC)(C(C)C)C(C)C,CC[N+](CC)(C(C)C)C(C)C.[Br-],Bromide
152,77,10,CC[N+](CC)(C(C)C)C(C)C,CC[N+](CC)(C(C)C)C(C)C.[Cl-],Chloride
153,78,10,CC[N+](CC)(CC)C(C)(C)C,CC[N+](CC)(CC)C(C)(C)C.[Br-],Bromide
154,78,10,CC[N+](CC)(CC)C(C)(C)C,CC[N+](CC)(CC)C(C)(C)C.[Cl-],Chloride
155,79,10,CC[N+](CC)(CC)CC(C)C,CC[N+](CC)(CC)CC(C)C.[Br-],Bromide
156,79,10,CC[N+](CC)(CC)CC(C)C,CC[N+](CC)(CC)CC(C)C.[Cl-],Chloride
157,81,11,CC(C)CC[N+](C)(C)CC(C)C,CC(C)CC[N+](C)(C)CC(C)C.[Br-],Bromide
158,81,11,CC(C)CC[N+](C)(C)CC(C)C,CC(C)CC[N+](C)(C)CC(C)C.[Cl-],Chloride
159,82,11,CC(C)C[N+](C)(C(C)C)C(C)C,CC(C)C[N+](C)(C(C)C)C(C)C.[Br-],Bromide
160,82,11,CC(C)C[N+](C)(C(C)C)C(C)C,CC(C)C[N+](C)(C(C)C)C(C)C.[Cl-],Chloride
161,83,11,CC(C)[N+](C)(C(C)C)C(C)(C)C,CC(C)[N+](C)(C(C)C)C(C)(C)C.[Br-],Bromide
162,83,11,CC(C)[N+](C)(C(C)C)C(C)(C)C,CC(C)[N+](C)(C(C)C)C(C)(C)C.[Cl-],Chloride
163,85,11,CCC(C)C[N+](C)(C)CC(C)C,CCC(C)C[N+](C)(C)CC(C)C.[Br-],Bromide
164,85,11,CCC(C)C[N+](C)(C)CC(C)C,CCC(C)C[N+](C)(C)CC(C)C.[Cl-],Chloride
165,87,11,CCC(C)C[N+](CC)(CC)CC,CCC(C)C[N+](CC)(CC)CC.[Br-],Bromide
166,87,11,CCC(C)C[N+](CC)(CC)CC,CCC(C)C[N+](CC)(CC)CC.[Cl-],Chloride
167,88,11,CCCC(C)[N+](C)(C)C(C)(C)C,CCCC(C)[N+](C)(C)C(C)(C)C.[Br-],Bromide
168,88,11,CCCC(C)[N+](C)(C)C(C)(C)C,CCCC(C)[N+](C)(C)C(C)(C)C.[Cl-],Chloride
169,93,11,CCCCCCC[N+](C)(C)CC,CCCCCCC[N+](C)(C)CC.[Br-],Bromide
170,93,11,CCCCCCC[N+](C)(C)CC,CCCCCCC[N+](C)(C)CC.[Cl-],Chloride
171,94,11,CCCCCC[N+](C)(C)C(C)C,CCCCCC[N+](C)(C)C(C)C.[Br-],Bromide
172,94,11,CCCCCC[N+](C)(C)C(C)C,CCCCCC[N+](C)(C)C(C)C.[Cl-],Chloride
173,95,11,CCCCCC[N+](C)(C)CCC,CCCCCC[N+](C)(C)CCC.[Br-],Bromide
174,95,11,CCCCCC[N+](C)(C)CCC,CCCCCC[N+](C)(C)CCC.[Cl-],Chloride
175,96,11,CCCCCC[N+](C)(CC)CC,CCCCCC[N+](C)(CC)CC.[Br-],Bromide
176,96,11,CCCCCC[N+](C)(CC)CC,CCCCCC[N+](C)(CC)CC.[Cl-],Chloride
177,97,11,CCCCC[N+](C)(C)C(C)(C)C,CCCCC[N+](C)(C)C(C)(C)C.[Br-],Bromide
178,97,11,CCCCC[N+](C)(C)C(C)(C)C,CCCCC[N+](C)(C)C(C)(C)C.[Cl-],Chloride
179,99,11,CCCCC[N+](C)(C)CCCC,CCCCC[N+](C)(C)CCCC.[Br-],Bromide
180,99,11,CCCCC[N+](C)(C)CCCC,CCCCC[N+](C)(C)CCCC.[Cl-],Chloride
181,101,11,CCCCC[N+](C)(CC)CCC,CCCCC[N+](C)(CC)CCC.[Br-],Bromide
182,101,11,CCCCC[N+](C)(CC)CCC,CCCCC[N+](C)(CC)CCC.[Cl-],Chloride
183,102,11,CCCCC[N+](CC)(CC)CC,CCCCC[N+](CC)(CC)CC.[Br-],Bromide
184,102,11,CCCCC[N+](CC)(CC)CC,CCCCC[N+](CC)(CC)CC.[Cl-],Chloride
185,104,11,CCCC[N+](C)(C)C(C)CCC,CCCC[N+](C)(C)C(C)CCC.[Br-],Bromide
186,104,11,CCCC[N+](C)(C)C(C)CCC,CCCC[N+](C)(C)C(C)CCC.[Cl-],Chloride
187,105,11,CCCC[N+](C)(C)CC(C)CC,CCCC[N+](C)(C)CC(C)CC.[Br-],Bromide
188,105,11,CCCC[N+](C)(C)CC(C)CC,CCCC[N+](C)(C)CC(C)CC.[Cl-],Chloride
189,106,11,CCCC[N+](C)(C)CCC(C)C,CCCC[N+](C)(C)CCC(C)C.[Br-],Bromide
190,106,11,CCCC[N+](C)(C)CCC(C)C,CCCC[N+](C)(C)CCC(C)C.[Cl-],Chloride
191,109,11,CCCC[N+](C)(CC)CCCC,CCCC[N+](C)(CC)CCCC.[Br-],Bromide
192,109,11,CCCC[N+](C)(CC)CCCC,CCCC[N+](C)(CC)CCCC.[Cl-],Chloride
193,110,11,CCCC[N+](C)(CCC)C(C)C,CCCC[N+](C)(CCC)C(C)C.[Br-],Bromide
194,110,11,CCCC[N+](C)(CCC)C(C)C,CCCC[N+](C)(CCC)C(C)C.[Cl-],Chloride
195,111,11,CCCC[N+](C)(CCC)CCC,CCCC[N+](C)(CCC)CCC.[Br-],Bromide
196,111,11,CCCC[N+](C)(CCC)CCC,CCCC[N+](C)(CCC)CCC.[Cl-],Chloride
197,112,11,CCCC[N+](CC)(CC)C(C)C,CCCC[N+](CC)(CC)C(C)C.[Br-],Bromide
198,112,11,CCCC[N+](CC)(CC)C(C)C,CCCC[N+](CC)(CC)C(C)C.[Cl-],Chloride
199,113,11,CCCC[N+](CC)(CC)CCC,CCCC[N+](CC)(CC)CCC.[Br-],Bromide
200,113,11,CCCC[N+](CC)(CC)CCC,CCCC[N+](CC)(CC)CCC.[Cl-],Chloride
201,115,11,CCC[N+](C)(CC(C)C)C(C)C,CCC[N+](C)(CC(C)C)C(C)C.[Br-],Bromide
202,115,11,CCC[N+](C)(CC(C)C)C(C)C,CCC[N+](C)(CC(C)C)C(C)C.[Cl-],Chloride
203,116,11,CCC[N+](C)(CC)CC(C)CC,CCC[N+](C)(CC)CC(C)CC.[Br-],Bromide
204,116,11,CCC[N+](C)(CC)CC(C)CC,CCC[N+](C)(CC)CC(C)CC.[Cl-],Chloride
205,120,11,CCC[N+](CC)(C(C)C)C(C)C,CCC[N+](CC)(C(C)C)C(C)C.[Br-],Bromide
206,120,11,CCC[N+](CC)(C(C)C)C(C)C,CCC[N+](CC)(C(C)C)C(C)C.[Cl-],Chloride
207,123,11,CCC[N+](CC)(CCC)C(C)C,CCC[N+](CC)(CCC)C(C)C.[Br-],Bromide
208,123,11,CCC[N+](CC)(CCC)C(C)C,CCC[N+](CC)(CCC)C(C)C.[Cl-],Chloride
209,124,11,CCC[N+](CC)(CCC)CCC,CCC[N+](CC)(CCC)CCC.[Br-],Bromide
210,124,11,CCC[N+](CC)(CCC)CCC,CCC[N+](CC)(CCC)CCC.[Cl-],Chloride
211,125,11,CC[N+](C(C)C)(C(C)C)C(C)C,CC[N+](C(C)C)(C(C)C)C(C)C.[Br-],Bromide
212,125,11,CC[N+](C(C)C)(C(C)C)C(C)C,CC[N+](C(C)C)(C(C)C)C(C)C.[Cl-],Chloride
213,126,11,CC[N+](C)(C(C)(C)C)C(C)(C)C,CC[N+](C)(C(C)(C)C)C(C)(C)C.[Br-],Bromide
214,126,11,CC[N+](C)(C(C)(C)C)C(C)(C)C,CC[N+](C)(C(C)(C)C)C(C)(C)C.[Cl-],Chloride
215,128,11,CC[N+](C)(CC(C)C)CC(C)C,CC[N+](C)(CC(C)C)CC(C)C.[Br-],Bromide
216,128,11,CC[N+](C)(CC(C)C)CC(C)C,CC[N+](C)(CC(C)C)CC(C)C.[Cl-],Chloride
217,129,11,CC[N+](C)(CCC(C)C)C(C)C,CC[N+](C)(CCC(C)C)C(C)C.[Br-],Bromide
218,129,11,CC[N+](C)(CCC(C)C)C(C)C,CC[N+](C)(CCC(C)C)C(C)C.[Cl-],Chloride
219,131,11,CC[N+](CC)(CC(C)C)C(C)C,CC[N+](CC)(CC(C)C)C(C)C.[Br-],Bromide
220,131,11,CC[N+](CC)(CC(C)C)C(C)C,CC[N+](CC)(CC(C)C)C(C)C.[Cl-],Chloride
221,132,11,CC[N+](CC)(CC)CCC(C)C,CC[N+](CC)(CC)CCC(C)C.[Br-],Bromide
222,132,11,CC[N+](CC)(CC)CCC(C)C,CC[N+](CC)(CC)CCC(C)C.[Cl-],Chloride
223,134,12,CC(C)CC[N+](C)(C)CCC(C)C,CC(C)CC[N+](C)(C)CCC(C)C.[Br-],Bromide
224,134,12,CC(C)CC[N+](C)(C)CCC(C)C,CC(C)CC[N+](C)(C)CCC(C)C.[Cl-],Chloride
225,136,12,CC(C)C[N+](C)(CC(C)C)C(C)C,CC(C)C[N+](C)(CC(C)C)C(C)C.[Br-],Bromide
226,136,12,CC(C)C[N+](C)(CC(C)C)C(C)C,CC(C)C[N+](C)(CC(C)C)C(C)C.[Cl-],Chloride
227,137,12,CC(C)[N+](C(C)C)(C(C)C)C(C)C,CC(C)[N+](C(C)C)(C(C)C)C(C)C.[Br-],Bromide
228,137,12,CC(C)[N+](C(C)C)(C(C)C)C(C)C,CC(C)[N+](C(C)C)(C(C)C)C(C)C.[Cl-],Chloride
229,138,12,CC(C)[N+](C)(C(C)(C)C)C(C)(C)C,CC(C)[N+](C)(C(C)(C)C)C(C)(C)C.[Br-],Bromide
230,138,12,CC(C)[N+](C)(C(C)(C)C)C(C)(C)C,CC(C)[N+](C)(C(C)(C)C)C(C)(C)C.[Cl-],Chloride
231,140,12,CCC(C)C[N+](C)(C)CC(C)CC,CCC(C)C[N+](C)(C)CC(C)CC.[Br-],Bromide
232,140,12,CCC(C)C[N+](C)(C)CC(C)CC,CCC(C)C[N+](C)(C)CC(C)CC.[Cl-],Chloride
233,146,12,CCCC(C)[N+](C)(C)C(C)CCC,CCCC(C)[N+](C)(C)C(C)CCC.[Br-],Bromide
234,146,12,CCCC(C)[N+](C)(C)C(C)CCC,CCCC(C)[N+](C)(C)C(C)CCC.[Cl-],Chloride
235,154,12,CCCC(C)[N+](CC)(CC)CCC,CCCC(C)[N+](CC)(CC)CCC.[Br-],Bromide
236,154,12,CCCC(C)[N+](CC)(CC)CCC,CCCC(C)[N+](CC)(CC)CCC.[Cl-],Chloride
237,156,12,CCCCCCC[N+](C)(C)CCC,CCCCCCC[N+](C)(C)CCC.[Br-],Bromide
238,156,12,CCCCCCC[N+](C)(C)CCC,CCCCCCC[N+](C)(C)CCC.[Cl-],Chloride
239,157,12,CCCCCCC[N+](C)(CC)CC,CCCCCCC[N+](C)(CC)CC.[Br-],Bromide
240,157,12,CCCCCCC[N+](C)(CC)CC,CCCCCCC[N+](C)(CC)CC.[Cl-],Chloride
241,158,12,CCCCCC[N+](C)(C)C(C)(C)C,CCCCCC[N+](C)(C)C(C)(C)C.[Br-],Bromide
242,158,12,CCCCCC[N+](C)(C)C(C)(C)C,CCCCCC[N+](C)(C)C(C)(C)C.[Cl-],Chloride
243,159,12,CCCCCC[N+](C)(C)CC(C)C,CCCCCC[N+](C)(C)CC(C)C.[Br-],Bromide
244,159,12,CCCCCC[N+](C)(C)CC(C)C,CCCCCC[N+](C)(C)CC(C)C.[Cl-],Chloride
245,160,12,CCCCCC[N+](C)(C)CCCC,CCCCCC[N+](C)(C)CCCC.[Br-],Bromide
246,160,12,CCCCCC[N+](C)(C)CCCC,CCCCCC[N+](C)(C)CCCC.[Cl-],Chloride
247,161,12,CCCCCC[N+](C)(CC)C(C)C,CCCCCC[N+](C)(CC)C(C)C.[Br-],Bromide
248,161,12,CCCCCC[N+](C)(CC)C(C)C,CCCCCC[N+](C)(CC)C(C)C.[Cl-],Chloride
249,162,12,CCCCCC[N+](C)(CC)CCC,CCCCCC[N+](C)(CC)CCC.[Br-],Bromide
250,162,12,CCCCCC[N+](C)(CC)CCC,CCCCCC[N+](C)(CC)CCC.[Cl-],Chloride
251,163,12,CCCCCC[N+](CC)(CC)CC,CCCCCC[N+](CC)(CC)CC.[Br-],Bromide
252,163,12,CCCCCC[N+](CC)(CC)CC,CCCCCC[N+](CC)(CC)CC.[Cl-],Chloride
253,164,12,CCCCC[N+](C)(C(C)C)C(C)C,CCCCC[N+](C)(C(C)C)C(C)C.[Br-],Bromide
254,164,12,CCCCC[N+](C)(C(C)C)C(C)C,CCCCC[N+](C)(C(C)C)C(C)C.[Cl-],Chloride
255,165,12,CCCCC[N+](C)(C)C(C)CCC,CCCCC[N+](C)(C)C(C)CCC.[Br-],Bromide
256,165,12,CCCCC[N+](C)(C)C(C)CCC,CCCCC[N+](C)(C)C(C)CCC.[Cl-],Chloride
257,167,12,CCCCC[N+](C)(C)CCC(C)C,CCCCC[N+](C)(C)CCC(C)C.[Br-],Bromide
258,167,12,CCCCC[N+](C)(C)CCC(C)C,CCCCC[N+](C)(C)CCC(C)C.[Cl-],Chloride
259,168,12,CCCCC[N+](C)(C)CCCCC,CCCCC[N+](C)(C)CCCCC.[Br-],Bromide
260,168,12,CCCCC[N+](C)(C)CCCCC,CCCCC[N+](C)(C)CCCCC.[Cl-],Chloride
261,171,12,CCCCC[N+](C)(CC)CCCC,CCCCC[N+](C)(CC)CCCC.[Br-],Bromide
262,171,12,CCCCC[N+](C)(CC)CCCC,CCCCC[N+](C)(CC)CCCC.[Cl-],Chloride
263,173,12,CCCCC[N+](C)(CCC)CCC,CCCCC[N+](C)(CCC)CCC.[Br-],Bromide
264,173,12,CCCCC[N+](C)(CCC)CCC,CCCCC[N+](C)(CCC)CCC.[Cl-],Chloride
265,175,12,CCCCC[N+](CC)(CC)CCC,CCCCC[N+](CC)(CC)CCC.[Br-],Bromide
266,175,12,CCCCC[N+](CC)(CC)CCC,CCCCC[N+](CC)(CC)CCC.[Cl-],Chloride
267,178,12,CCCC[N+](C)(CC)C(C)CCC,CCCC[N+](C)(CC)C(C)CCC.[Br-],Bromide
268,178,12,CCCC[N+](C)(CC)C(C)CCC,CCCC[N+](C)(CC)C(C)CCC.[Cl-],Chloride
269,182,12,CCCC[N+](C)(CCC)CC(C)C,CCCC[N+](C)(CCC)CC(C)C.[Br-],Bromide
270,182,12,CCCC[N+](C)(CCC)CC(C)C,CCCC[N+](C)(CCC)CC(C)C.[Cl-],Chloride
271,183,12,CCCC[N+](C)(CCC)CCCC,CCCC[N+](C)(CCC)CCCC.[Br-],Bromide
272,183,12,CCCC[N+](C)(CCC)CCCC,CCCC[N+](C)(CCC)CCCC.[Cl-],Chloride
273,184,12,CCCC[N+](C)(CCCC)C(C)C,CCCC[N+](C)(CCCC)C(C)C.[Br-],Bromide
274,184,12,CCCC[N+](C)(CCCC)C(C)C,CCCC[N+](C)(CCCC)C(C)C.[Cl-],Chloride
275,188,12,CCCC[N+](CC)(CC)CCCC,CCCC[N+](CC)(CC)CCCC.[Br-],Bromide
276,188,12,CCCC[N+](CC)(CC)CCCC,CCCC[N+](CC)(CC)CCCC.[Cl-],Chloride
277,190,12,CCCC[N+](CC)(CCC)CCC,CCCC[N+](CC)(CCC)CCC.[Br-],Bromide
278,190,12,CCCC[N+](CC)(CCC)CCC,CCCC[N+](CC)(CCC)CCC.[Cl-],Chloride
279,191,12,CCC[N+](C(C)C)(C(C)C)C(C)C,CCC[N+](C(C)C)(C(C)C)C(C)C.[Br-],Bromide
280,191,12,CCC[N+](C(C)C)(C(C)C)C(C)C,CCC[N+](C(C)C)(C(C)C)C(C)C.[Cl-],Chloride
281,197,12,CCC[N+](C)(CCC)CC(C)CC,CCC[N+](C)(CCC)CC(C)CC.[Br-],Bromide
282,197,12,CCC[N+](C)(CCC)CC(C)CC,CCC[N+](C)(CCC)CC(C)CC.[Cl-],Chloride
283,204,12,CCC[N+](CC)(CCC)CC(C)C,CCC[N+](CC)(CCC)CC(C)C.[Br-],Bromide
284,204,12,CCC[N+](CC)(CCC)CC(C)C,CCC[N+](CC)(CCC)CC(C)C.[Cl-],Chloride
285,205,12,CCC[N+](CCC)(C(C)C)C(C)C,CCC[N+](CCC)(C(C)C)C(C)C.[Br-],Bromide
286,205,12,CCC[N+](CCC)(C(C)C)C(C)C,CCC[N+](CCC)(C(C)C)C(C)C.[Cl-],Chloride
287,206,12,CCC[N+](CCC)(CCC)C(C)C,CCC[N+](CCC)(CCC)C(C)C.[Br-],Bromide
288,206,12,CCC[N+](CCC)(CCC)C(C)C,CCC[N+](CCC)(CCC)C(C)C.[Cl-],Chloride
289,207,12,CCC[N+](CCC)(CCC)CCC,CCC[N+](CCC)(CCC)CCC.[Br-],Bromide
290,207,12,CCC[N+](CCC)(CCC)CCC,CCC[N+](CCC)(CCC)CCC.[Cl-],Chloride
291,208,12,CC[N+](C(C)C)(C(C)C)C(C)(C)C,CC[N+](C(C)C)(C(C)C)C(C)(C)C.[Br-],Bromide
292,208,12,CC[N+](C(C)C)(C(C)C)C(C)(C)C,CC[N+](C(C)C)(C(C)C)C(C)(C)C.[Cl-],Chloride
293,212,12,CC[N+](CC)(C(C)(C)C)C(C)(C)C,CC[N+](CC)(C(C)(C)C)C(C)(C)C.[Br-],Bromide
294,212,12,CC[N+](CC)(C(C)(C)C)C(C)(C)C,CC[N+](CC)(C(C)(C)C)C(C)(C)C.[Cl-],Chloride
295,214,12,CC[N+](CC)(CC(C)C)CC(C)C,CC[N+](CC)(CC(C)C)CC(C)C.[Br-],Bromide
296,214,12,CC[N+](CC)(CC(C)C)CC(C)C,CC[N+](CC)(CC(C)C)CC(C)C.[Cl-],Chloride
297,216,13,CC(C)(C)[N+](C)(C(C)(C)C)C(C)(C)C,CC(C)(C)[N+](C)(C(C)(C)C)C(C)(C)C.[Br-],Bromide
298,216,13,CC(C)(C)[N+](C)(C(C)(C)C)C(C)(C)C,CC(C)(C)[N+](C)(C(C)(C)C)C(C)(C)C.[Cl-],Chloride
299,219,13,CC(C)C[N+](C(C)C)(C(C)C)C(C)C,CC(C)C[N+](C(C)C)(C(C)C)C(C)C.[Br-],Bromide
300,219,13,CC(C)C[N+](C(C)C)(C(C)C)C(C)C,CC(C)C[N+](C(C)C)(C(C)C)C(C)C.[Cl-],Chloride
301,222,13,CC(C)C[N+](C)(CC(C)C)CC(C)C,CC(C)C[N+](C)(CC(C)C)CC(C)C.[Br-],Bromide
302,222,13,CC(C)C[N+](C)(CC(C)C)CC(C)C,CC(C)C[N+](C)(CC(C)C)CC(C)C.[Cl-],Chloride
303,223,13,CC(C)[N+](C(C)C)(C(C)C)C(C)(C)C,CC(C)[N+](C(C)C)(C(C)C)C(C)(C)C.[Br-],Bromide
304,223,13,CC(C)[N+](C(C)C)(C(C)C)C(C)(C)C,CC(C)[N+](C(C)C)(C(C)C)C(C)(C)C.[Cl-],Chloride
305,243,13,CCCCCCC[N+](C)(C)C(C)(C)C,CCCCCCC[N+](C)(C)C(C)(C)C.[Br-],Bromide
306,243,13,CCCCCCC[N+](C)(C)C(C)(C)C,CCCCCCC[N+](C)(C)C(C)(C)C.[Cl-],Chloride
307,245,13,CCCCCCC[N+](C)(C)CCCC,CCCCCCC[N+](C)(C)CCCC.[Br-],Bromide
308,245,13,CCCCCCC[N+](C)(C)CCCC,CCCCCCC[N+](C)(C)CCCC.[Cl-],Chloride
309,248,13,CCCCCCC[N+](CC)(CC)CC,CCCCCCC[N+](CC)(CC)CC.[Br-],Bromide
310,248,13,CCCCCCC[N+](CC)(CC)CC,CCCCCCC[N+](CC)(CC)CC.[Cl-],Chloride
311,252,13,CCCCCC[N+](C)(C)CCC(C)C,CCCCCC[N+](C)(C)CCC(C)C.[Br-],Bromide
312,252,13,CCCCCC[N+](C)(C)CCC(C)C,CCCCCC[N+](C)(C)CCC(C)C.[Cl-],Chloride
313,253,13,CCCCCC[N+](C)(C)CCCCC,CCCCCC[N+](C)(C)CCCCC.[Br-],Bromide
314,253,13,CCCCCC[N+](C)(C)CCCCC,CCCCCC[N+](C)(C)CCCCC.[Cl-],Chloride
315,256,13,CCCCCC[N+](C)(CC)CCCC,CCCCCC[N+](C)(CC)CCCC.[Br-],Bromide
316,256,13,CCCCCC[N+](C)(CC)CCCC,CCCCCC[N+](C)(CC)CCCC.[Cl-],Chloride
317,258,13,CCCCCC[N+](C)(CCC)CCC,CCCCCC[N+](C)(CCC)CCC.[Br-],Bromide
318,258,13,CCCCCC[N+](C)(CCC)CCC,CCCCCC[N+](C)(CCC)CCC.[Cl-],Chloride
319,260,13,CCCCCC[N+](CC)(CC)CCC,CCCCCC[N+](CC)(CC)CCC.[Br-],Bromide
320,260,13,CCCCCC[N+](CC)(CC)CCC,CCCCCC[N+](CC)(CC)CCC.[Cl-],Chloride
321,266,13,CCCCC[N+](C)(CC)CCCCC,CCCCC[N+](C)(CC)CCCCC.[Br-],Bromide
322,266,13,CCCCC[N+](C)(CC)CCCCC,CCCCC[N+](C)(CC)CCCCC.[Cl-],Chloride
323,269,13,CCCCC[N+](C)(CCC)CCCC,CCCCC[N+](C)(CCC)CCCC.[Br-],Bromide
324,269,13,CCCCC[N+](C)(CCC)CCCC,CCCCC[N+](C)(CCC)CCCC.[Cl-],Chloride
325,274,13,CCCCC[N+](CC)(CC)CCCC,CCCCC[N+](CC)(CC)CCCC.[Br-],Bromide
326,274,13,CCCCC[N+](CC)(CC)CCCC,CCCCC[N+](CC)(CC)CCCC.[Cl-],Chloride
327,276,13,CCCCC[N+](CC)(CCC)CCC,CCCCC[N+](CC)(CCC)CCC.[Br-],Bromide
328,276,13,CCCCC[N+](CC)(CCC)CCC,CCCCC[N+](CC)(CCC)CCC.[Cl-],Chloride
329,277,13,CCCC[N+](C(C)C)(C(C)C)C(C)C,CCCC[N+](C(C)C)(C(C)C)C(C)C.[Br-],Bromide
330,277,13,CCCC[N+](C(C)C)(C(C)C)C(C)C,CCCC[N+](C(C)C)(C(C)C)C(C)C.[Cl-],Chloride
331,289,13,CCCC[N+](C)(CCCC)CCCC,CCCC[N+](C)(CCCC)CCCC.[Br-],Bromide
332,289,13,CCCC[N+](C)(CCCC)CCCC,CCCC[N+](C)(CCCC)CCCC.[Cl-],Chloride
333,297,13,CCCC[N+](CC)(CCC)CCCC,CCCC[N+](CC)(CCC)CCCC.[Br-],Bromide
334,297,13,CCCC[N+](CC)(CCC)CCCC,CCCC[N+](CC)(CCC)CCCC.[Cl-],Chloride
335,301,13,CCCC[N+](CCC)(CCC)CCC,CCCC[N+](CCC)(CCC)CCC.[Br-],Bromide
336,301,13,CCCC[N+](CCC)(CCC)CCC,CCCC[N+](CCC)(CCC)CCC.[Cl-],Chloride
337,307,13,CCC[N+](CC(C)C)(C(C)C)C(C)C,CCC[N+](CC(C)C)(C(C)C)C(C)C.[Br-],Bromide
338,307,13,CCC[N+](CC(C)C)(C(C)C)C(C)C,CCC[N+](CC(C)C)(C(C)C)C(C)C.[Cl-],Chloride
339,318,13,CCC[N+](CCC)(CCC)CC(C)C,CCC[N+](CCC)(CCC)CC(C)C.[Br-],Bromide
340,318,13,CCC[N+](CCC)(CCC)CC(C)C,CCC[N+](CCC)(CCC)CC(C)C.[Cl-],Chloride
341,332,14,CC(C)C[N+](CC(C)C)(C(C)C)C(C)C,CC(C)C[N+](CC(C)C)(C(C)C)C(C)C.[Br-],Bromide
342,332,14,CC(C)C[N+](CC(C)C)(C(C)C)C(C)C,CC(C)C[N+](CC(C)C)(C(C)C)C(C)C.[Cl-],Chloride
343,333,14,CC(C)[N+](C(C)C)(C(C)(C)C)C(C)(C)C,CC(C)[N+](C(C)C)(C(C)(C)C)C(C)(C)C.[Br-],Bromide
344,333,14,CC(C)[N+](C(C)C)(C(C)(C)C)C(C)(C)C,CC(C)[N+](C(C)C)(C(C)(C)C)C(C)(C)C.[Cl-],Chloride
345,363,14,CCCC(C)[N+](CCC)(CCC)CCC,CCCC(C)[N+](CCC)(CCC)CCC.[Br-],Bromide
346,363,14,CCCC(C)[N+](CCC)(CCC)CCC,CCCC(C)[N+](CCC)(CCC)CCC.[Cl-],Chloride
347,367,14,CCCCCCC[N+](C)(C)CCC(C)C,CCCCCCC[N+](C)(C)CCC(C)C.[Br-],Bromide
348,367,14,CCCCCCC[N+](C)(C)CCC(C)C,CCCCCCC[N+](C)(C)CCC(C)C.[Cl-],Chloride
349,368,14,CCCCCCC[N+](C)(C)CCCCC,CCCCCCC[N+](C)(C)CCCCC.[Br-],Bromide
350,368,14,CCCCCCC[N+](C)(C)CCCCC,CCCCCCC[N+](C)(C)CCCCC.[Cl-],Chloride
351,371,14,CCCCCCC[N+](C)(CC)CCCC,CCCCCCC[N+](C)(CC)CCCC.[Br-],Bromide
352,371,14,CCCCCCC[N+](C)(CC)CCCC,CCCCCCC[N+](C)(CC)CCCC.[Cl-],Chloride
353,377,14,CCCCCC[N+](C)(C)CCCCCC,CCCCCC[N+](C)(C)CCCCCC.[Br-],Bromide
354,377,14,CCCCCC[N+](C)(C)CCCCCC,CCCCCC[N+](C)(C)CCCCCC.[Cl-],Chloride
355,382,14,CCCCCC[N+](C)(CC)CCCCC,CCCCCC[N+](C)(CC)CCCCC.[Br-],Bromide
356,382,14,CCCCCC[N+](C)(CC)CCCCC,CCCCCC[N+](C)(CC)CCCCC.[Cl-],Chloride
357,385,14,CCCCCC[N+](C)(CCC)CCCC,CCCCCC[N+](C)(CCC)CCCC.[Br-],Bromide
358,385,14,CCCCCC[N+](C)(CCC)CCCC,CCCCCC[N+](C)(CCC)CCCC.[Cl-],Chloride
359,390,14,CCCCCC[N+](CC)(CC)CCCC,CCCCCC[N+](CC)(CC)CCCC.[Br-],Bromide
360,390,14,CCCCCC[N+](CC)(CC)CCCC,CCCCCC[N+](CC)(CC)CCCC.[Cl-],Chloride
361,392,14,CCCCCC[N+](CC)(CCC)CCC,CCCCCC[N+](CC)(CCC)CCC.[Br-],Bromide
362,392,14,CCCCCC[N+](CC)(CCC)CCC,CCCCCC[N+](CC)(CCC)CCC.[Cl-],Chloride
363,393,14,CCCCC[N+](C(C)C)(C(C)C)C(C)C,CCCCC[N+](C(C)C)(C(C)C)C(C)C.[Br-],Bromide
364,393,14,CCCCC[N+](C(C)C)(C(C)C)C(C)C,CCCCC[N+](C(C)C)(C(C)C)C(C)C.[Cl-],Chloride
365,402,14,CCCCC[N+](C)(CCC)CCC(C)C,CCCCC[N+](C)(CCC)CCC(C)C.[Br-],Bromide
366,402,14,CCCCC[N+](C)(CCC)CCC(C)C,CCCCC[N+](C)(CCC)CCC(C)C.[Cl-],Chloride
367,403,14,CCCCC[N+](C)(CCC)CCCCC,CCCCC[N+](C)(CCC)CCCCC.[Br-],Bromide
368,403,14,CCCCC[N+](C)(CCC)CCCCC,CCCCC[N+](C)(CCC)CCCCC.[Cl-],Chloride
369,406,14,CCCCC[N+](C)(CCCC)CCCC,CCCCC[N+](C)(CCCC)CCCC.[Br-],Bromide
370,406,14,CCCCC[N+](C)(CCCC)CCCC,CCCCC[N+](C)(CCCC)CCCC.[Cl-],Chloride
371,413,14,CCCCC[N+](CC)(CC)CCCCC,CCCCC[N+](CC)(CC)CCCCC.[Br-],Bromide
372,413,14,CCCCC[N+](CC)(CC)CCCCC,CCCCC[N+](CC)(CC)CCCCC.[Cl-],Chloride
373,416,14,CCCCC[N+](CC)(CCC)CCCC,CCCCC[N+](CC)(CCC)CCCC.[Br-],Bromide
374,416,14,CCCCC[N+](CC)(CCC)CCCC,CCCCC[N+](CC)(CCC)CCCC.[Cl-],Chloride
375,420,14,CCCCC[N+](CCC)(CCC)CCC,CCCCC[N+](CCC)(CCC)CCC.[Br-],Bromide
376,420,14,CCCCC[N+](CCC)(CCC)CCC,CCCCC[N+](CCC)(CCC)CCC.[Cl-],Chloride
377,428,14,CCCC[N+](C)(CCCC)C(C)CCC,CCCC[N+](C)(CCCC)C(C)CCC.[Br-],Bromide
378,428,14,CCCC[N+](C)(CCCC)C(C)CCC,CCCC[N+](C)(CCCC)C(C)CCC.[Cl-],Chloride
379,429,14,CCCC[N+](C)(CCCC)CC(C)CC,CCCC[N+](C)(CCCC)CC(C)CC.[Br-],Bromide
380,429,14,CCCC[N+](C)(CCCC)CC(C)CC,CCCC[N+](C)(CCCC)CC(C)CC.[Cl-],Chloride
381,442,14,CCCC[N+](CC)(CCCC)CC(C)C,CCCC[N+](CC)(CCCC)CC(C)C.[Br-],Bromide
382,442,14,CCCC[N+](CC)(CCCC)CC(C)C,CCCC[N+](CC)(CCCC)CC(C)C.[Cl-],Chloride
383,443,14,CCCC[N+](CC)(CCCC)CCCC,CCCC[N+](CC)(CCCC)CCCC.[Br-],Bromide
384,443,14,CCCC[N+](CC)(CCCC)CCCC,CCCC[N+](CC)(CCCC)CCCC.[Cl-],Chloride
385,448,14,CCCC[N+](CCC)(CCC)CCCC,CCCC[N+](CCC)(CCC)CCCC.[Br-],Bromide
386,448,14,CCCC[N+](CCC)(CCC)CCCC,CCCC[N+](CCC)(CCC)CCCC.[Cl-],Chloride
387,450,14,CCCC[N+](CCCC)(C(C)C)C(C)C,CCCC[N+](CCCC)(C(C)C)C(C)C.[Br-],Bromide
388,450,14,CCCC[N+](CCCC)(C(C)C)C(C)C,CCCC[N+](CCCC)(C(C)C)C(C)C.[Cl-],Chloride
389,473,14,CC[N+](CC(C)C)(CC(C)C)CC(C)C,CC[N+](CC(C)C)(CC(C)C)CC(C)C.[Br-],Bromide
390,473,14,CC[N+](CC(C)C)(CC(C)C)CC(C)C,CC[N+](CC(C)C)(CC(C)C)CC(C)C.[Cl-],Chloride
391,518,15,CCCCCCC[N+](C)(C)CCCCCC,CCCCCCC[N+](C)(C)CCCCCC.[Br-],Bromide
392,518,15,CCCCCCC[N+](C)(C)CCCCCC,CCCCCCC[N+](C)(C)CCCCCC.[Cl-],Chloride
393,528,15,CCCCCCC[N+](CC)(C(C)C)C(C)C,CCCCCCC[N+](CC)(C(C)C)C(C)C.[Br-],Bromide
394,528,15,CCCCCCC[N+](CC)(C(C)C)C(C)C,CCCCCCC[N+](CC)(C(C)C)C(C)C.[Cl-],Chloride
395,531,15,CCCCCCC[N+](CC)(CC)CCCC,CCCCCCC[N+](CC)(CC)CCCC.[Br-],Bromide
396,531,15,CCCCCCC[N+](CC)(CC)CCCC,CCCCCCC[N+](CC)(CC)CCCC.[Cl-],Chloride
397,533,15,CCCCCCC[N+](CC)(CCC)CCC,CCCCCCC[N+](CC)(CCC)CCC.[Br-],Bromide
398,533,15,CCCCCCC[N+](CC)(CCC)CCC,CCCCCCC[N+](CC)(CCC)CCC.[Cl-],Chloride
399,534,15,CCCCCC[N+](C(C)C)(C(C)C)C(C)C,CCCCCC[N+](C(C)C)(C(C)C)C(C)C.[Br-],Bromide
400,534,15,CCCCCC[N+](C(C)C)(C(C)C)C(C)C,CCCCCC[N+](C(C)C)(C(C)C)C(C)C.[Cl-],Chloride
401,538,15,CCCCCC[N+](C)(CC(C)C)CC(C)C,CCCCCC[N+](C)(CC(C)C)CC(C)C.[Br-],Bromide
402,538,15,CCCCCC[N+](C)(CC(C)C)CC(C)C,CCCCCC[N+](C)(CC(C)C)CC(C)C.[Cl-],Chloride
403,540,15,CCCCCC[N+](C)(CC)CCCCCC,CCCCCC[N+](C)(CC)CCCCCC.[Br-],Bromide
404,540,15,CCCCCC[N+](C)(CC)CCCCCC,CCCCCC[N+](C)(CC)CCCCCC.[Cl-],Chloride
405,545,15,CCCCCC[N+](C)(CCC)CCCCC,CCCCCC[N+](C)(CCC)CCCCC.[Br-],Bromide
406,545,15,CCCCCC[N+](C)(CCC)CCCCC,CCCCCC[N+](C)(CCC)CCCCC.[Cl-],Chloride
407,548,15,CCCCCC[N+](C)(CCCC)CCCC,CCCCCC[N+](C)(CCCC)CCCC.[Br-],Bromide
408,548,15,CCCCCC[N+](C)(CCCC)CCCC,CCCCCC[N+](C)(CCCC)CCCC.[Cl-],Chloride
409,549,15,CCCCCC[N+](C)(CCCCC)C(C)C,CCCCCC[N+](C)(CCCCC)C(C)C.[Br-],Bromide
410,549,15,CCCCCC[N+](C)(CCCCC)C(C)C,CCCCCC[N+](C)(CCCCC)C(C)C.[Cl-],Chloride
411,555,15,CCCCCC[N+](CC)(CC)CCCCC,CCCCCC[N+](CC)(CC)CCCCC.[Br-],Bromide
412,555,15,CCCCCC[N+](CC)(CC)CCCCC,CCCCCC[N+](CC)(CC)CCCCC.[Cl-],Chloride
413,558,15,CCCCCC[N+](CC)(CCC)CCCC,CCCCCC[N+](CC)(CCC)CCCC.[Br-],Bromide
414,558,15,CCCCCC[N+](CC)(CCC)CCCC,CCCCCC[N+](CC)(CCC)CCCC.[Cl-],Chloride
415,562,15,CCCCCC[N+](CCC)(CCC)CCC,CCCCCC[N+](CCC)(CCC)CCC.[Br-],Bromide
416,562,15,CCCCCC[N+](CCC)(CCC)CCC,CCCCCC[N+](CCC)(CCC)CCC.[Cl-],Chloride
417,573,15,CCCCC[N+](C)(CCCC)CCCCC,CCCCC[N+](C)(CCCC)CCCCC.[Br-],Bromide
418,573,15,CCCCC[N+](C)(CCCC)CCCCC,CCCCC[N+](C)(CCCC)CCCCC.[Cl-],Chloride
419,586,15,CCCCC[N+](CC)(CCC)CCCCC,CCCCC[N+](CC)(CCC)CCCCC.[Br-],Bromide
420,586,15,CCCCC[N+](CC)(CCC)CCCCC,CCCCC[N+](CC)(CCC)CCCCC.[Cl-],Chloride
421,589,15,CCCCC[N+](CC)(CCCC)CCCC,CCCCC[N+](CC)(CCCC)CCCC.[Br-],Bromide
422,589,15,CCCCC[N+](CC)(CCCC)CCCC,CCCCC[N+](CC)(CCCC)CCCC.[Cl-],Chloride
423,595,15,CCCCC[N+](CCC)(CCC)CCCC,CCCCC[N+](CCC)(CCC)CCCC.[Br-],Bromide
424,595,15,CCCCC[N+](CCC)(CCC)CCCC,CCCCC[N+](CCC)(CCC)CCCC.[Cl-],Chloride
425,629,15,CCCC[N+](CCC)(CCCC)CC(C)C,CCCC[N+](CCC)(CCCC)CC(C)C.[Br-],Bromide
426,629,15,CCCC[N+](CCC)(CCCC)CC(C)C,CCCC[N+](CCC)(CCCC)CC(C)C.[Cl-],Chloride
427,630,15,CCCC[N+](CCC)(CCCC)CCCC,CCCC[N+](CCC)(CCCC)CCCC.[Br-],Bromide
428,630,15,CCCC[N+](CCC)(CCCC)CCCC,CCCC[N+](CCC)(CCCC)CCCC.[Cl-],Chloride
429,633,15,CCCC[N+](CCCC)(CCCC)C(C)C,CCCC[N+](CCCC)(CCCC)C(C)C.[Br-],Bromide
430,633,15,CCCC[N+](CCCC)(CCCC)C(C)C,CCCC[N+](CCCC)(CCCC)C(C)C.[Cl-],Chloride
431,653,16,CC(C)(C)[N+](C(C)(C)C)(C(C)(C)C)C(C)(C)C,CC(C)(C)[N+](C(C)(C)C)(C(C)(C)C)C(C)(C)C.[Br-],Bromide
432,653,16,CC(C)(C)[N+](C(C)(C)C)(C(C)(C)C)C(C)(C)C,CC(C)(C)[N+](C(C)(C)C)(C(C)(C)C)C(C)(C)C.[Cl-],Chloride
433,655,16,CC(C)CC[N+](C)(CCC(C)C)CCC(C)C,CC(C)CC[N+](C)(CCC(C)C)CCC(C)C.[Br-],Bromide
434,655,16,CC(C)CC[N+](C)(CCC(C)C)CCC(C)C,CC(C)CC[N+](C)(CCC(C)C)CCC(C)C.[Cl-],Chloride
435,662,16,CC(C)C[N+](CC(C)C)(CC(C)C)CC(C)C,CC(C)C[N+](CC(C)C)(CC(C)C)CC(C)C.[Br-],Bromide
436,662,16,CC(C)C[N+](CC(C)C)(CC(C)C)CC(C)C,CC(C)C[N+](CC(C)C)(CC(C)C)CC(C)C.[Cl-],Chloride
437,702,16,CCCCCCC[N+](C(C)C)(C(C)C)C(C)C,CCCCCCC[N+](C(C)C)(C(C)C)C(C)C.[Br-],Bromide
438,702,16,CCCCCCC[N+](C(C)C)(C(C)C)C(C)C,CCCCCCC[N+](C(C)C)(C(C)C)C(C)C.[Cl-],Chloride
439,705,16,CCCCCCC[N+](C)(C)CCCCCCC,CCCCCCC[N+](C)(C)CCCCCCC.[Br-],Bromide
440,705,16,CCCCCCC[N+](C)(C)CCCCCCC,CCCCCCC[N+](C)(C)CCCCCCC.[Cl-],Chloride
441,709,16,CCCCCCC[N+](C)(CC)CCCCCC,CCCCCCC[N+](C)(CC)CCCCCC.[Br-],Bromide
442,709,16,CCCCCCC[N+](C)(CC)CCCCCC,CCCCCCC[N+](C)(CC)CCCCCC.[Cl-],Chloride
443,714,16,CCCCCCC[N+](C)(CCC)CCCCC,CCCCCCC[N+](C)(CCC)CCCCC.[Br-],Bromide
444,714,16,CCCCCCC[N+](C)(CCC)CCCCC,CCCCCCC[N+](C)(CCC)CCCCC.[Cl-],Chloride
445,717,16,CCCCCCC[N+](C)(CCCC)CCCC,CCCCCCC[N+](C)(CCCC)CCCC.[Br-],Bromide
446,717,16,CCCCCCC[N+](C)(CCCC)CCCC,CCCCCCC[N+](C)(CCCC)CCCC.[Cl-],Chloride
447,731,16,CCCCCCC[N+](CCC)(CCC)CCC,CCCCCCC[N+](CCC)(CCC)CCC.[Br-],Bromide
448,731,16,CCCCCCC[N+](CCC)(CCC)CCC,CCCCCCC[N+](CCC)(CCC)CCC.[Cl-],Chloride
449,739,16,CCCCCC[N+](C)(CCC)CCCCCC,CCCCCC[N+](C)(CCC)CCCCCC.[Br-],Bromide
450,739,16,CCCCCC[N+](C)(CCC)CCCCCC,CCCCCC[N+](C)(CCC)CCCCCC.[Cl-],Chloride
451,743,16,CCCCCC[N+](C)(CCCC)CCCCC,CCCCCC[N+](C)(CCCC)CCCCC.[Br-],Bromide
452,743,16,CCCCCC[N+](C)(CCCC)CCCCC,CCCCCC[N+](C)(CCCC)CCCCC.[Cl-],Chloride
453,753,16,CCCCCC[N+](CC)(CC)CCCCCC,CCCCCC[N+](CC)(CC)CCCCCC.[Br-],Bromide
454,753,16,CCCCCC[N+](CC)(CC)CCCCCC,CCCCCC[N+](CC)(CC)CCCCCC.[Cl-],Chloride
455,761,16,CCCCCC[N+](CC)(CCCC)CCCC,CCCCCC[N+](CC)(CCCC)CCCC.[Br-],Bromide
456,761,16,CCCCCC[N+](CC)(CCCC)CCCC,CCCCCC[N+](CC)(CCCC)CCCC.[Cl-],Chloride
457,767,16,CCCCCC[N+](CCC)(CCC)CCCC,CCCCCC[N+](CCC)(CCC)CCCC.[Br-],Bromide
458,767,16,CCCCCC[N+](CCC)(CCC)CCCC,CCCCCC[N+](CCC)(CCC)CCCC.[Cl-],Chloride
459,781,16,CCCCC[N+](C)(CCCCC)CCCCC,CCCCC[N+](C)(CCCCC)CCCCC.[Br-],Bromide
460,781,16,CCCCC[N+](C)(CCCCC)CCCCC,CCCCC[N+](C)(CCCCC)CCCCC.[Cl-],Chloride
461,794,16,CCCCC[N+](CC)(CCCC)CCCCC,CCCCC[N+](CC)(CCCC)CCCCC.[Br-],Bromide
462,794,16,CCCCC[N+](CC)(CCCC)CCCCC,CCCCC[N+](CC)(CCCC)CCCCC.[Cl-],Chloride
463,796,16,CCCCC[N+](CC)(CCCCC)CC(C)C,CCCCC[N+](CC)(CCCCC)CC(C)C.[Br-],Bromide
464,796,16,CCCCC[N+](CC)(CCCCC)CC(C)C,CCCCC[N+](CC)(CCCCC)CC(C)C.[Cl-],Chloride
465,807,16,CCCCC[N+](CCC)(CCC)CCCCC,CCCCC[N+](CCC)(CCC)CCCCC.[Br-],Bromide
466,807,16,CCCCC[N+](CCC)(CCC)CCCCC,CCCCC[N+](CCC)(CCC)CCCCC.[Cl-],Chloride
467,810,16,CCCCC[N+](CCC)(CCCC)CCCC,CCCCC[N+](CCC)(CCCC)CCCC.[Br-],Bromide
468,810,16,CCCCC[N+](CCC)(CCCC)CCCC,CCCCC[N+](CCC)(CCCC)CCCC.[Cl-],Chloride
469,841,16,CCCC[N+](CCCC)(C(C)(C)C)C(C)(C)C,CCCC[N+](CCCC)(C(C)(C)C)C(C)(C)C.[Br-],Bromide
470,841,16,CCCC[N+](CCCC)(C(C)(C)C)C(C)(C)C,CCCC[N+](CCCC)(C(C)(C)C)C(C)(C)C.[Cl-],Chloride
471,844,16,CCCC[N+](CCCC)(CC(C)C)CC(C)C,CCCC[N+](CCCC)(CC(C)C)CC(C)C.[Br-],Bromide
472,844,16,CCCC[N+](CCCC)(CC(C)C)CC(C)C,CCCC[N+](CCCC)(CC(C)C)CC(C)C.[Cl-],Chloride
473,847,16,CCCC[N+](CCCC)(CCCC)C(C)(C)C,CCCC[N+](CCCC)(CCCC)C(C)(C)C.[Br-],Bromide
474,847,16,CCCC[N+](CCCC)(CCCC)C(C)(C)C,CCCC[N+](CCCC)(CCCC)C(C)(C)C.[Cl-],Chloride
475,848,16,CCCC[N+](CCCC)(CCCC)CC(C)C,CCCC[N+](CCCC)(CCCC)CC(C)C.[Br-],Bromide
476,848,16,CCCC[N+](CCCC)(CCCC)CC(C)C,CCCC[N+](CCCC)(CCCC)CC(C)C.[Cl-],Chloride
477,849,16,CCCC[N+](CCCC)(CCCC)CCCC,CCCC[N+](CCCC)(CCCC)CCCC.[Br-],Bromide
478,849,16,CCCC[N+](CCCC)(CCCC)CCCC,CCCC[N+](CCCC)(CCCC)CCCC.[Cl-],Chloride
479,861,16,CCC[N+](CCC)(CCC(C)C)CCC(C)C,CCC[N+](CCC)(CCC(C)C)CCC(C)C.[Br-],Bromide
480,861,16,CCC[N+](CCC)(CCC(C)C)CCC(C)C,CCC[N+](CCC)(CCC(C)C)CCC(C)C.[Cl-],Chloride
481,911,17,CCCCCCC[N+](C)(CCC)CCCCCC,CCCCCCC[N+](C)(CCC)CCCCCC.[Br-],Bromide
482,911,17,CCCCCCC[N+](C)(CCC)CCCCCC,CCCCCCC[N+](C)(CCC)CCCCCC.[Cl-],Chloride
483,939,17,CCCCCCC[N+](CCC)(CCC)CCCC,CCCCCCC[N+](CCC)(CCC)CCCC.[Br-],Bromide
484,939,17,CCCCCCC[N+](CCC)(CCC)CCCC,CCCCCCC[N+](CCC)(CCC)CCCC.[Cl-],Chloride
485,950,17,CCCCCC[N+](C)(CCCC)CCCCCC,CCCCCC[N+](C)(CCCC)CCCCCC.[Br-],Bromide
486,950,17,CCCCCC[N+](C)(CCCC)CCCCCC,CCCCCC[N+](C)(CCCC)CCCCCC.[Cl-],Chloride
487,954,17,CCCCCC[N+](C)(CCCCC)CCCCC,CCCCCC[N+](C)(CCCCC)CCCCC.[Br-],Bromide
488,954,17,CCCCCC[N+](C)(CCCCC)CCCCC,CCCCCC[N+](C)(CCCCC)CCCCC.[Cl-],Chloride
489,987,17,CCCCCC[N+](CCC)(CCCC)CCCC,CCCCCC[N+](CCC)(CCCC)CCCC.[Br-],Bromide
490,987,17,CCCCCC[N+](CCC)(CCCC)CCCC,CCCCCC[N+](CCC)(CCCC)CCCC.[Cl-],Chloride
491,998,17,CCCCC[N+](CC(C)C)(CC(C)C)CC(C)C,CCCCC[N+](CC(C)C)(CC(C)C)CC(C)C.[Br-],Bromide
492,998,17,CCCCC[N+](CC(C)C)(CC(C)C)CC(C)C,CCCCC[N+](CC(C)C)(CC(C)C)CC(C)C.[Cl-],Chloride
493,1010,17,CCCCC[N+](CC)(CCCCC)CCCCC,CCCCC[N+](CC)(CCCCC)CCCCC.[Br-],Bromide
494,1010,17,CCCCC[N+](CC)(CCCCC)CCCCC,CCCCC[N+](CC)(CCCCC)CCCCC.[Cl-],Chloride
495,1022,17,CCCCC[N+](CCC)(CCCC)CCCCC,CCCCC[N+](CCC)(CCCC)CCCCC.[Br-],Bromide
496,1022,17,CCCCC[N+](CCC)(CCCC)CCCCC,CCCCC[N+](CCC)(CCCC)CCCCC.[Cl-],Chloride
497,1033,17,CCCCC[N+](CCCC)(CCCC)CCCC,CCCCC[N+](CCCC)(CCCC)CCCC.[Br-],Bromide
498,1033,17,CCCCC[N+](CCCC)(CCCC)CCCC,CCCCC[N+](CCCC)(CCCC)CCCC.[Cl-],Chloride
499,1064,17,CCCC[N+](CCCC)(CCCC)C(C)CCC,CCCC[N+](CCCC)(CCCC)C(C)CCC.[Br-],Bromide
500,1064,17,CCCC[N+](CCCC)(CCCC)C(C)CCC,CCCC[N+](CCCC)(CCCC)C(C)CCC.[Cl-],Chloride
501,1066,17,CCCC[N+](CCCC)(CCCC)CCC(C)C,CCCC[N+](CCCC)(CCCC)CCC(C)C.[Br-],Bromide
502,1066,17,CCCC[N+](CCCC)(CCCC)CCC(C)C,CCCC[N+](CCCC)(CCCC)CCC(C)C.[Cl-],Chloride
503,1117,18,CCCCCCC[N+](C)(CCCC)CCCCCC,CCCCCCC[N+](C)(CCCC)CCCCCC.[Br-],Bromide
504,1117,18,CCCCCCC[N+](C)(CCCC)CCCCCC,CCCCCCC[N+](C)(CCCC)CCCCCC.[Cl-],Chloride
505,1132,18,CCCCCCC[N+](CC)(CC)CCCCCCC,CCCCCCC[N+](CC)(CC)CCCCCCC.[Br-],Bromide
506,1132,18,CCCCCCC[N+](CC)(CC)CCCCCCC,CCCCCCC[N+](CC)(CC)CCCCCCC.[Cl-],Chloride
507,1164,18,CCCCCC[N+](C)(CCCCC)CCCCCC,CCCCCC[N+](C)(CCCCC)CCCCCC.[Br-],Bromide
508,1164,18,CCCCCC[N+](C)(CCCCC)CCCCCC,CCCCCC[N+](C)(CCCCC)CCCCCC.[Cl-],Chloride
509,1171,18,CCCCCC[N+](CC(C)C)(CC(C)C)CC(C)C,CCCCCC[N+](CC(C)C)(CC(C)C)CC(C)C.[Br-],Bromide
510,1171,18,CCCCCC[N+](CC(C)C)(CC(C)C)CC(C)C,CCCCCC[N+](CC(C)C)(CC(C)C)CC(C)C.[Cl-],Chloride
511,1186,18,CCCCCC[N+](CC)(CCCCCC)CC(C)C,CCCCCC[N+](CC)(CCCCCC)CC(C)C.[Br-],Bromide
512,1186,18,CCCCCC[N+](CC)(CCCCCC)CC(C)C,CCCCCC[N+](CC)(CCCCCC)CC(C)C.[Cl-],Chloride
513,1195,18,CCCCCC[N+](CCC)(CCC)CCCCCC,CCCCCC[N+](CCC)(CCC)CCCCCC.[Br-],Bromide
514,1195,18,CCCCCC[N+](CCC)(CCC)CCCCCC,CCCCCC[N+](CCC)(CCC)CCCCCC.[Cl-],Chloride
515,1211,18,CCCCCC[N+](CCCC)(CCCC)CCCC,CCCCCC[N+](CCCC)(CCCC)CCCC.[Br-],Bromide
516,1211,18,CCCCCC[N+](CCCC)(CCCC)CCCC,CCCCCC[N+](CCCC)(CCCC)CCCC.[Cl-],Chloride
517,1240,18,CCCCC[N+](CCC)(CCCCC)CCCCC,CCCCC[N+](CCC)(CCCCC)CCCCC.[Br-],Bromide
518,1240,18,CCCCC[N+](CCC)(CCCCC)CCCCC,CCCCC[N+](CCC)(CCCCC)CCCCC.[Cl-],Chloride
519,1250,18,CCCCC[N+](CCCC)(CCCC)CCCCC,CCCCC[N+](CCCC)(CCCC)CCCCC.[Br-],Bromide
520,1250,18,CCCCC[N+](CCCC)(CCCC)CCCCC,CCCCC[N+](CCCC)(CCCC)CCCCC.[Cl-],Chloride
521,1259,18,CCCCC[N+](CCCCC)(CCCCC)C(C)C,CCCCC[N+](CCCCC)(CCCCC)C(C)C.[Br-],Bromide
522,1259,18,CCCCC[N+](CCCCC)(CCCCC)C(C)C,CCCCC[N+](CCCCC)(CCCCC)C(C)C.[Cl-],Chloride
523,1273,18,CCCC[N+](CCCC)(CC(C)CC)C(C)CCC,CCCC[N+](CCCC)(CC(C)CC)C(C)CCC.[Br-],Bromide
524,1273,18,CCCC[N+](CCCC)(CC(C)CC)C(C)CCC,CCCC[N+](CCCC)(CC(C)CC)C(C)CCC.[Cl-],Chloride
525,1277,18,CCCC[N+](CCCC)(CCC(C)C)CCC(C)C,CCCC[N+](CCCC)(CCC(C)C)CCC(C)C.[Br-],Bromide
526,1277,18,CCCC[N+](CCCC)(CCC(C)C)CCC(C)C,CCCC[N+](CCCC)(CCC(C)C)CCC(C)C.[Cl-],Chloride
527,1305,19,CCCCCCC[N+](C)(CCCCC)CCCCCC,CCCCCCC[N+](C)(CCCCC)CCCCCC.[Br-],Bromide
528,1305,19,CCCCCCC[N+](C)(CCCCC)CCCCCC,CCCCCCC[N+](C)(CCCCC)CCCCCC.[Cl-],Chloride
529,1356,19,CCCCCCC[N+](CCCC)(CCCC)CCCC,CCCCCCC[N+](CCCC)(CCCC)CCCC.[Br-],Bromide
530,1356,19,CCCCCCC[N+](CCCC)(CCCC)CCCC,CCCCCCC[N+](CCCC)(CCCC)CCCC.[Cl-],Chloride
531,1363,19,CCCCCC[N+](C)(CCCCCC)CCCCCC,CCCCCC[N+](C)(CCCCCC)CCCCCC.[Br-],Bromide
532,1363,19,CCCCCC[N+](C)(CCCCCC)CCCCCC,CCCCCC[N+](C)(CCCCCC)CCCCCC.[Cl-],Chloride
533,1403,19,CCCCCC[N+](CCCC)(CCCC)CCCCC,CCCCCC[N+](CCCC)(CCCC)CCCCC.[Br-],Bromide
534,1403,19,CCCCCC[N+](CCCC)(CCCC)CCCCC,CCCCCC[N+](CCCC)(CCCC)CCCCC.[Cl-],Chloride
535,1437,19,CCCCC[N+](CCCC)(CCCCC)CCCCC,CCCCC[N+](CCCC)(CCCCC)CCCCC.[Br-],Bromide
536,1437,19,CCCCC[N+](CCCC)(CCCCC)CCCCC,CCCCC[N+](CCCC)(CCCCC)CCCCC.[Cl-],Chloride
537,1455,19,CCCC[N+](CCC(C)C)(CCC(C)C)CCC(C)C,CCCC[N+](CCC(C)C)(CCC(C)C)CCC(C)C.[Br-],Bromide
538,1455,19,CCCC[N+](CCC(C)C)(CCC(C)C)CCC(C)C,CCCC[N+](CCC(C)C)(CCC(C)C)CCC(C)C.[Cl-],Chloride
539,1456,20,CC(C)CC[N+](CCC(C)C)(CCC(C)C)CCC(C)C,CC(C)CC[N+](CCC(C)C)(CCC(C)C)CCC(C)C.[Br-],Bromide
540,1456,20,CC(C)CC[N+](CCC(C)C)(CCC(C)C)CCC(C)C,CC(C)CC[N+](CCC(C)C)(CCC(C)C)CCC(C)C.[Cl-],Chloride
541,1461,20,CCCC(C)[N+](C(C)CCC)(C(C)CCC)C(C)CCC,CCCC(C)[N+](C(C)CCC)(C(C)CCC)C(C)CCC.[Br-],Bromide
542,1461,20,CCCC(C)[N+](C(C)CCC)(C(C)CCC)C(C)CCC,CCCC(C)[N+](C(C)CCC)(C(C)CCC)C(C)CCC.[Cl-],Chloride
543,1474,20,CCCCCCC[N+](C)(CCCCCC)CCCCCC,CCCCCCC[N+](C)(CCCCCC)CCCCCC.[Br-],Bromide
544,1474,20,CCCCCCC[N+](C)(CCCCCC)CCCCCC,CCCCCCC[N+](C)(CCCCCC)CCCCCC.[Cl-],Chloride
545,1504,20,CCCCCCC[N+](CCC)(CCC)CCCCCCC,CCCCCCC[N+](CCC)(CCC)CCCCCCC.[Br-],Bromide
546,1504,20,CCCCCCC[N+](CCC)(CCC)CCCCCCC,CCCCCCC[N+](CCC)(CCC)CCCCCCC.[Cl-],Chloride
547,1542,20,CCCCCC[N+](CC)(CCCCCC)CCCCCC,CCCCCC[N+](CC)(CCCCCC)CCCCCC.[Br-],Bromide
548,1542,20,CCCCCC[N+](CC)(CCCCCC)CCCCCC,CCCCCC[N+](CC)(CCCCCC)CCCCCC.[Cl-],Chloride
549,1559,20,CCCCCC[N+](CCCC)(CCCC)CCCCCC,CCCCCC[N+](CCCC)(CCCC)CCCCCC.[Br-],Bromide
550,1559,20,CCCCCC[N+](CCCC)(CCCC)CCCCCC,CCCCCC[N+](CCCC)(CCCC)CCCCCC.[Cl-],Chloride
551,1600,20,CCCCC[N+](CCCCC)(CCCCC)CCCCC,CCCCC[N+](CCCCC)(CCCCC)CCCCC.[Br-],Bromide
552,1600,20,CCCCC[N+](CCCCC)(CCCCC)CCCCC,CCCCC[N+](CCCCC)(CCCCC)CCCCC.[Cl-],Chloride
