Index,Num_c,SMILES,smiles,exists,cid,name,molecular_weight
1,4,C[N+](C)(C)C,C[N+](C)(C)C,True,6380.0,tetramethylazanium,74.14
2,5,CC[N+](C)(C)C,CC[N+](C)(C)C,True,33993.0,ethyl(trimethyl)azanium,88.17
3,6,CC(C)[N+](C)(C)C,CC(C)[N+](C)(C)C,True,12127913.0,trimethyl(propan-2-yl)azanium,102.2
4,6,CCC[N+](C)(C)C,CCC[N+](C)(C)C,True,29385.0,trimethyl(propyl)azanium,102.2
5,6,CC[N+](C)(C)CC,CC[N+](C)(C)CC,True,199517.0,diethyl(dimethyl)azanium,102.2
6,7,CC(C)(C)[N+](C)(C)C,CC(C)(C)[N+](C)(C)C,True,14157076.0,tert-butyl(trimethyl)azanium,116.22
7,7,CC(C)C[N+](C)(C)C,CC(C)C[N+](C)(C)C,True,15919129.0,trimethyl(2-methylpropyl)azanium,116.22
8,7,CCCC[N+](C)(C)C,CCCC[N+](C)(C)C,True,24399.0,butyl(trimethyl)azanium,116.22
9,7,CCC[N+](C)(C)CC,CCC[N+](C)(C)CC,True,158452.0,ethyl-dimethyl-propylazanium,116.22
10,7,CC[N+](C)(C)C(C)C,CC[N+](C)(C)C(C)C,True,14022623.0,ethyl-dimethyl-propan-2-ylazanium,116.22
11,7,CC[N+](C)(CC)CC,CC[N+](C)(CC)CC,True,70440.0,triethyl(methyl)azanium,116.22
12,8,CC(C)CC[N+](C)(C)C,CC(C)CC[N+](C)(C)C,True,417981.0,trimethyl(3-methylbutyl)azanium,130.25
13,8,CC(C)[N+](C)(C)C(C)C,CC(C)[N+](C)(C)C(C)C,True,19885843.0,dimethyl-di(propan-2-yl)azanium,130.25
14,8,CCC(C)C[N+](C)(C)C,CCC(C)C[N+](C)(C)C,True,20603117.0,trimethyl(2-methylbutyl)azanium,130.25
15,8,CCCC(C)[N+](C)(C)C,CCCC(C)[N+](C)(C)C,True,14157078.0,trimethyl(pentan-2-yl)azanium,130.25
16,8,CCCCC[N+](C)(C)C,CCCCC[N+](C)(C)C,True,9022.0,trimethyl(pentyl)azanium,130.25
17,8,CCCC[N+](C)(C)CC,CCCC[N+](C)(C)CC,True,14022617.0,butyl-ethyl-dimethylazanium,130.25
18,8,CCC[N+](C)(C)C(C)C,CCC[N+](C)(C)C(C)C,True,22044337.0,dimethyl-propan-2-yl-propylazanium,130.25
19,8,CCC[N+](C)(C)CCC,CCC[N+](C)(C)CCC,True,9989306.0,dimethyl(dipropyl)azanium,130.25
20,8,CCC[N+](C)(CC)CC,CCC[N+](C)(CC)CC,True,4167058.0,diethyl-methyl-propylazanium,130.25
21,8,CC[N+](C)(C)C(C)(C)C,CC[N+](C)(C)C(C)(C)C,True,419882.0,tert-butyl-ethyl-dimethylazanium,130.25
22,8,CC[N+](C)(C)CC(C)C,CC[N+](C)(C)CC(C)C,True,419881.0,ethyl-dimethyl-(2-methylpropyl)azanium,130.25
23,8,CC[N+](C)(CC)C(C)C,CC[N+](C)(CC)C(C)C,True,23517151.0,diethyl-methyl-propan-2-ylazanium,130.25
24,8,CC[N+](CC)(CC)CC,CC[N+](CC)(CC)CC,True,5413.0,tetraethylazanium,130.25
25,9,CC(C)C[N+](C)(C)C(C)C,CC(C)C[N+](C)(C)C(C)C,True,123769654.0,dimethyl-(2-methylpropyl)-propan-2-ylazanium,144.28
26,9,CC(C)[N+](C)(C)C(C)(C)C,CC(C)[N+](C)(C)C(C)(C)C,True,18408211.0,tert-butyl-dimethyl-propan-2-ylazanium,144.28
27,9,CCC(C)C[N+](C)(C)CC,CCC(C)C[N+](C)(C)CC,True,59180634.0,ethyl-dimethyl-(2-methylbutyl)azanium,144.28
28,9,CCCC(C)[N+](C)(C)CC,CCCC(C)[N+](C)(C)CC,True,123503345.0,ethyl-dimethyl-pentan-2-ylazanium,144.28
29,9,CCCCCC[N+](C)(C)C,CCCCCC[N+](C)(C)C,True,84774.0,hexyl(trimethyl)azanium,144.28
30,9,CCCCC[N+](C)(C)CC,CCCCC[N+](C)(C)CC,True,23088838.0,ethyl-dimethyl-pentylazanium,144.28
31,9,CCCC[N+](C)(C)C(C)C,CCCC[N+](C)(C)C(C)C,True,14022621.0,butyl-dimethyl-propan-2-ylazanium,144.28
32,9,CCCC[N+](C)(C)CCC,CCCC[N+](C)(C)CCC,True,23088837.0,butyl-dimethyl-propylazanium,144.28
33,9,CCCC[N+](C)(CC)CC,CCCC[N+](C)(CC)CC,True,23393389.0,butyl-diethyl-methylazanium,144.28
34,9,CCC[N+](C)(C)C(C)(C)C,CCC[N+](C)(C)C(C)(C)C,True,123625472.0,tert-butyl-dimethyl-propylazanium,144.28
35,9,CCC[N+](C)(C)CC(C)C,CCC[N+](C)(C)CC(C)C,True,21344279.0,dimethyl-(2-methylpropyl)-propylazanium,144.28
36,9,CCC[N+](C)(CC)C(C)C,CCC[N+](C)(CC)C(C)C,True,87299517.0,ethyl-methyl-propan-2-yl-propylazanium,144.28
37,9,CCC[N+](C)(CC)CCC,CCC[N+](C)(CC)CCC,True,20376278.0,ethyl-methyl-dipropylazanium,144.28
38,9,CCC[N+](CC)(CC)CC,CCC[N+](CC)(CC)CC,True,77853.0,triethyl(propyl)azanium,144.28
39,9,CC[N+](C)(C(C)C)C(C)C,CC[N+](C)(C(C)C)C(C)C,True,11299195.0,ethyl-methyl-di(propan-2-yl)azanium,144.28
40,9,CC[N+](C)(C)CCC(C)C,CC[N+](C)(C)CCC(C)C,True,123150227.0,ethyl-dimethyl-(3-methylbutyl)azanium,144.28
41,9,CC[N+](C)(CC)C(C)(C)C,CC[N+](C)(CC)C(C)(C)C,True,87916179.0,tert-butyl-diethyl-methylazanium,144.28
42,9,CC[N+](C)(CC)CC(C)C,CC[N+](C)(CC)CC(C)C,True,87916176.0,diethyl-methyl-(2-methylpropyl)azanium,144.28
43,9,CC[N+](CC)(CC)C(C)C,CC[N+](CC)(CC)C(C)C,True,13513446.0,triethyl(propan-2-yl)azanium,144.28
44,10,CC(C)(C)[N+](C)(C)C(C)(C)C,CC(C)(C)[N+](C)(C)C(C)(C)C,True,18979417.0,ditert-butyl(dimethyl)azanium,158.3
45,10,CC(C)CC[N+](C)(C)C(C)C,CC(C)CC[N+](C)(C)C(C)C,True,123579279.0,dimethyl-(3-methylbutyl)-propan-2-ylazanium,158.3
46,10,CC(C)C[N+](C)(C)C(C)(C)C,CC(C)C[N+](C)(C)C(C)(C)C,True,22044330.0,tert-butyl-dimethyl-(2-methylpropyl)azanium,158.3
47,10,CC(C)C[N+](C)(C)CC(C)C,CC(C)C[N+](C)(C)CC(C)C,True,12446313.0,dimethyl-bis(2-methylpropyl)azanium,158.3
48,10,CC(C)[N+](C)(C(C)C)C(C)C,CC(C)[N+](C)(C(C)C)C(C)C,True,11197425.0,methyl-tri(propan-2-yl)azanium,158.3
49,10,CCC(C)C[N+](C)(C)C(C)C,CCC(C)C[N+](C)(C)C(C)C,True,123882016.0,dimethyl-(2-methylbutyl)-propan-2-ylazanium,158.3
50,10,CCC(C)C[N+](C)(CC)CC,CCC(C)C[N+](C)(CC)CC,True,,,
51,10,CCCC(C)[N+](C)(C)C(C)C,CCCC(C)[N+](C)(C)C(C)C,True,170232598.0,dimethyl-pentan-2-yl-propan-2-ylazanium,158.3
52,10,CCCC(C)[N+](C)(C)CCC,CCCC(C)[N+](C)(C)CCC,True,123787174.0,dimethyl-pentan-2-yl-propylazanium,158.3
53,10,CCCC(C)[N+](C)(CC)CC,CCCC(C)[N+](C)(CC)CC,True,152122120.0,diethyl-methyl-pentan-2-ylazanium,158.3
54,10,CCCCCCC[N+](C)(C)C,CCCCCCC[N+](C)(C)C,True,30142.0,heptyl(trimethyl)azanium,158.3
55,10,CCCCCC[N+](C)(C)CC,CCCCCC[N+](C)(C)CC,True,11593475.0,ethyl-hexyl-dimethylazanium,158.3
56,10,CCCCC[N+](C)(C)C(C)C,CCCCC[N+](C)(C)C(C)C,True,123262460.0,dimethyl-pentyl-propan-2-ylazanium,158.3
57,10,CCCCC[N+](C)(C)CCC,CCCCC[N+](C)(C)CCC,True,23088871.0,dimethyl-pentyl-propylazanium,158.3
58,10,CCCCC[N+](C)(CC)CC,CCCCC[N+](C)(CC)CC,True,23088876.0,diethyl-methyl-pentylazanium,158.3
59,10,CCCC[N+](C)(C)C(C)(C)C,CCCC[N+](C)(C)C(C)(C)C,True,22044338.0,butyl-tert-butyl-dimethylazanium,158.3
60,10,CCCC[N+](C)(C)CC(C)C,CCCC[N+](C)(C)CC(C)C,True,22044341.0,butyl-dimethyl-(2-methylpropyl)azanium,158.3
61,10,CCCC[N+](C)(C)CCCC,CCCC[N+](C)(C)CCCC,True,18615673.0,dibutyl(dimethyl)azanium,158.3
62,10,CCCC[N+](C)(CC)C(C)C,CCCC[N+](C)(CC)C(C)C,True,59061257.0,butyl-ethyl-methyl-propan-2-ylazanium,158.3
63,10,CCCC[N+](C)(CC)CCC,CCCC[N+](C)(CC)CCC,True,20268953.0,butyl-ethyl-methyl-propylazanium,158.3
64,10,CCCC[N+](CC)(CC)CC,CCCC[N+](CC)(CC)CC,True,45719.0,butyl(triethyl)azanium,158.3
65,10,CCC[N+](C)(C(C)C)C(C)C,CCC[N+](C)(C(C)C)C(C)C,True,22044303.0,methyl-di(propan-2-yl)-propylazanium,158.3
66,10,CCC[N+](C)(C)CC(C)CC,CCC[N+](C)(C)CC(C)CC,True,18715935.0,dimethyl-(2-methylbutyl)-propylazanium,158.3
67,10,CCC[N+](C)(C)CCC(C)C,CCC[N+](C)(C)CCC(C)C,True,90967482.0,dimethyl-(3-methylbutyl)-propylazanium,158.3
68,10,CCC[N+](C)(CC)C(C)(C)C,CCC[N+](C)(CC)C(C)(C)C,True,87916194.0,tert-butyl-ethyl-methyl-propylazanium,158.3
69,10,CCC[N+](C)(CC)CC(C)C,CCC[N+](C)(CC)CC(C)C,True,44719323.0,ethyl-methyl-(2-methylpropyl)-propylazanium,158.3
70,10,CCC[N+](C)(CCC)C(C)C,CCC[N+](C)(CCC)C(C)C,True,22044320.0,methyl-propan-2-yl-dipropylazanium,158.3
71,10,CCC[N+](C)(CCC)CCC,CCC[N+](C)(CCC)CCC,True,77068.0,methyl(tripropyl)azanium,158.3
72,10,CCC[N+](CC)(CC)C(C)C,CCC[N+](CC)(CC)C(C)C,True,22044352.0,diethyl-propan-2-yl-propylazanium,158.3
73,10,CCC[N+](CC)(CC)CCC,CCC[N+](CC)(CC)CCC,True,13879586.0,diethyl(dipropyl)azanium,158.3
74,10,CC[N+](C)(C(C)C)C(C)(C)C,CC[N+](C)(C(C)C)C(C)(C)C,True,87916186.0,tert-butyl-ethyl-methyl-propan-2-ylazanium,158.3
75,10,CC[N+](C)(CC(C)C)C(C)C,CC[N+](C)(CC(C)C)C(C)C,True,19814723.0,ethyl-methyl-(2-methylpropyl)-propan-2-ylazanium,158.3
76,10,CC[N+](C)(CC)CCC(C)C,CC[N+](C)(CC)CCC(C)C,True,59061293.0,diethyl-methyl-(3-methylbutyl)azanium,158.3
77,10,CC[N+](CC)(C(C)C)C(C)C,CC[N+](CC)(C(C)C)C(C)C,True,18677367.0,diethyl-di(propan-2-yl)azanium,158.3
78,10,CC[N+](CC)(CC)C(C)(C)C,CC[N+](CC)(CC)C(C)(C)C,True,18979420.0,tert-butyl(triethyl)azanium,158.3
79,10,CC[N+](CC)(CC)CC(C)C,CC[N+](CC)(CC)CC(C)C,True,13513450.0,triethyl(2-methylpropyl)azanium,158.3
80,11,CC(C)CC[N+](C)(C)C(C)(C)C,CC(C)CC[N+](C)(C)C(C)(C)C,True,,,
81,11,CC(C)CC[N+](C)(C)CC(C)C,CC(C)CC[N+](C)(C)CC(C)C,True,168144637.0,dimethyl-(3-methylbutyl)-(2-methylpropyl)azanium,172.33
82,11,CC(C)C[N+](C)(C(C)C)C(C)C,CC(C)C[N+](C)(C(C)C)C(C)C,True,159813761.0,methyl-(2-methylpropyl)-di(propan-2-yl)azanium,172.33
83,11,CC(C)[N+](C)(C(C)C)C(C)(C)C,CC(C)[N+](C)(C(C)C)C(C)(C)C,True,148579920.0,tert-butyl-methyl-di(propan-2-yl)azanium,172.33
84,11,CCC(C)C[N+](C)(C)C(C)(C)C,CCC(C)C[N+](C)(C)C(C)(C)C,True,,,
85,11,CCC(C)C[N+](C)(C)CC(C)C,CCC(C)C[N+](C)(C)CC(C)C,True,146880729.0,dimethyl-(2-methylbutyl)-(2-methylpropyl)azanium,172.33
86,11,CCC(C)C[N+](C)(CC)C(C)C,CCC(C)C[N+](C)(CC)C(C)C,True,,,
87,11,CCC(C)C[N+](CC)(CC)CC,CCC(C)C[N+](CC)(CC)CC,True,13426949.0,triethyl(2-methylbutyl)azanium,172.33
88,11,CCCC(C)[N+](C)(C)C(C)(C)C,CCCC(C)[N+](C)(C)C(C)(C)C,True,91155612.0,tert-butyl-dimethyl-pentan-2-ylazanium,172.33
89,11,CCCC(C)[N+](C)(C)CC(C)C,CCCC(C)[N+](C)(C)CC(C)C,True,,,
90,11,CCCC(C)[N+](C)(CC)C(C)C,CCCC(C)[N+](C)(CC)C(C)C,True,,,
91,11,CCCC(C)[N+](C)(CC)CCC,CCCC(C)[N+](C)(CC)CCC,True,,,
92,11,CCCC(C)[N+](CC)(CC)CC,CCCC(C)[N+](CC)(CC)CC,True,,,
93,11,CCCCCCC[N+](C)(C)CC,CCCCCCC[N+](C)(C)CC,True,23088859.0,ethyl-heptyl-dimethylazanium,172.33
94,11,CCCCCC[N+](C)(C)C(C)C,CCCCCC[N+](C)(C)C(C)C,True,102472160.0,hexyl-dimethyl-propan-2-ylazanium,172.33
95,11,CCCCCC[N+](C)(C)CCC,CCCCCC[N+](C)(C)CCC,True,23088822.0,hexyl-dimethyl-propylazanium,172.33
96,11,CCCCCC[N+](C)(CC)CC,CCCCCC[N+](C)(CC)CC,True,11672744.0,diethyl-hexyl-methylazanium,172.33
97,11,CCCCC[N+](C)(C)C(C)(C)C,CCCCC[N+](C)(C)C(C)(C)C,True,88457097.0,tert-butyl-dimethyl-pentylazanium,172.33
98,11,CCCCC[N+](C)(C)CC(C)C,CCCCC[N+](C)(C)CC(C)C,True,,,
99,11,CCCCC[N+](C)(C)CCCC,CCCCC[N+](C)(C)CCCC,True,53780101.0,butyl-dimethyl-pentylazanium,172.33
100,11,CCCCC[N+](C)(CC)C(C)C,CCCCC[N+](C)(CC)C(C)C,True,,,
101,11,CCCCC[N+](C)(CC)CCC,CCCCC[N+](C)(CC)CCC,True,23088854.0,ethyl-methyl-pentyl-propylazanium,172.33
102,11,CCCCC[N+](CC)(CC)CC,CCCCC[N+](CC)(CC)CC,True,152429.0,triethyl(pentyl)azanium,172.33
103,11,CCCC[N+](C)(C(C)C)C(C)C,CCCC[N+](C)(C(C)C)C(C)C,True,,,
104,11,CCCC[N+](C)(C)C(C)CCC,CCCC[N+](C)(C)C(C)CCC,True,123184718.0,butyl-dimethyl-pentan-2-ylazanium,172.33
105,11,CCCC[N+](C)(C)CC(C)CC,CCCC[N+](C)(C)CC(C)CC,True,88981039.0,butyl-dimethyl-(2-methylbutyl)azanium,172.33
106,11,CCCC[N+](C)(C)CCC(C)C,CCCC[N+](C)(C)CCC(C)C,True,123373067.0,butyl-dimethyl-(3-methylbutyl)azanium,172.33
107,11,CCCC[N+](C)(CC)C(C)(C)C,CCCC[N+](C)(CC)C(C)(C)C,True,,,
108,11,CCCC[N+](C)(CC)CC(C)C,CCCC[N+](C)(CC)CC(C)C,True,,,
109,11,CCCC[N+](C)(CC)CCCC,CCCC[N+](C)(CC)CCCC,True,22487000.0,dibutyl-ethyl-methylazanium,172.33
110,11,CCCC[N+](C)(CCC)C(C)C,CCCC[N+](C)(CCC)C(C)C,True,20341245.0,butyl-methyl-propan-2-yl-propylazanium,172.33
111,11,CCCC[N+](C)(CCC)CCC,CCCC[N+](C)(CCC)CCC,True,87509031.0,butyl-methyl-dipropylazanium,172.33
112,11,CCCC[N+](CC)(CC)C(C)C,CCCC[N+](CC)(CC)C(C)C,True,87916183.0,butyl-diethyl-propan-2-ylazanium,172.33
113,11,CCCC[N+](CC)(CC)CCC,CCCC[N+](CC)(CC)CCC,True,5249160.0,butyl-diethyl-propylazanium,172.33
114,11,CCC[N+](C)(C(C)C)C(C)(C)C,CCC[N+](C)(C(C)C)C(C)(C)C,True,,,
115,11,CCC[N+](C)(CC(C)C)C(C)C,CCC[N+](C)(CC(C)C)C(C)C,True,123313589.0,methyl-(2-methylpropyl)-propan-2-yl-propylazanium,172.33
116,11,CCC[N+](C)(CC)CC(C)CC,CCC[N+](C)(CC)CC(C)CC,True,90726542.0,ethyl-methyl-(2-methylbutyl)-propylazanium,172.33
117,11,CCC[N+](C)(CC)CCC(C)C,CCC[N+](C)(CC)CCC(C)C,True,,,
118,11,CCC[N+](C)(CCC)C(C)(C)C,CCC[N+](C)(CCC)C(C)(C)C,True,,,
119,11,CCC[N+](C)(CCC)CC(C)C,CCC[N+](C)(CCC)CC(C)C,True,,,
120,11,CCC[N+](CC)(C(C)C)C(C)C,CCC[N+](CC)(C(C)C)C(C)C,True,22044301.0,ethyl-di(propan-2-yl)-propylazanium,172.33
121,11,CCC[N+](CC)(CC)C(C)(C)C,CCC[N+](CC)(CC)C(C)(C)C,True,,,
122,11,CCC[N+](CC)(CC)CC(C)C,CCC[N+](CC)(CC)CC(C)C,True,,,
123,11,CCC[N+](CC)(CCC)C(C)C,CCC[N+](CC)(CCC)C(C)C,True,22044325.0,ethyl-propan-2-yl-dipropylazanium,172.33
124,11,CCC[N+](CC)(CCC)CCC,CCC[N+](CC)(CCC)CCC,True,417995.0,ethyl(tripropyl)azanium,172.33
125,11,CC[N+](C(C)C)(C(C)C)C(C)C,CC[N+](C(C)C)(C(C)C)C(C)C,True,15533238.0,ethyl-tri(propan-2-yl)azanium,172.33
126,11,CC[N+](C)(C(C)(C)C)C(C)(C)C,CC[N+](C)(C(C)(C)C)C(C)(C)C,True,141734441.0,ditert-butyl-ethyl-methylazanium,172.33
127,11,CC[N+](C)(CC(C)C)C(C)(C)C,CC[N+](C)(CC(C)C)C(C)(C)C,True,,,
128,11,CC[N+](C)(CC(C)C)CC(C)C,CC[N+](C)(CC(C)C)CC(C)C,True,85967981.0,ethyl-methyl-bis(2-methylpropyl)azanium,172.33
129,11,CC[N+](C)(CCC(C)C)C(C)C,CC[N+](C)(CCC(C)C)C(C)C,True,147704007.0,ethyl-methyl-(3-methylbutyl)-propan-2-ylazanium,172.33
130,11,CC[N+](CC)(C(C)C)C(C)(C)C,CC[N+](CC)(C(C)C)C(C)(C)C,True,,,
131,11,CC[N+](CC)(CC(C)C)C(C)C,CC[N+](CC)(CC(C)C)C(C)C,True,131972499.0,diethyl-(2-methylpropyl)-propan-2-ylazanium,172.33
132,11,CC[N+](CC)(CC)CCC(C)C,CC[N+](CC)(CC)CCC(C)C,True,88868799.0,triethyl(3-methylbutyl)azanium,172.33
133,12,CC(C)CC[N+](C)(C(C)C)C(C)C,CC(C)CC[N+](C)(C(C)C)C(C)C,True,,,
134,12,CC(C)CC[N+](C)(C)CCC(C)C,CC(C)CC[N+](C)(C)CCC(C)C,True,58574232.0,dimethyl-bis(3-methylbutyl)azanium,186.36
135,12,CC(C)C[N+](C)(C(C)C)C(C)(C)C,CC(C)C[N+](C)(C(C)C)C(C)(C)C,True,,,
136,12,CC(C)C[N+](C)(CC(C)C)C(C)C,CC(C)C[N+](C)(CC(C)C)C(C)C,True,153280987.0,methyl-bis(2-methylpropyl)-propan-2-ylazanium,186.36
137,12,CC(C)[N+](C(C)C)(C(C)C)C(C)C,CC(C)[N+](C(C)C)(C(C)C)C(C)C,True,424922.0,tetra(propan-2-yl)azanium,186.36
138,12,CC(C)[N+](C)(C(C)(C)C)C(C)(C)C,CC(C)[N+](C)(C(C)(C)C)C(C)(C)C,True,11325002.0,ditert-butyl-methyl-propan-2-ylazanium,186.36
139,12,CCC(C)C[N+](C)(C(C)C)C(C)C,CCC(C)C[N+](C)(C(C)C)C(C)C,True,,,
140,12,CCC(C)C[N+](C)(C)CC(C)CC,CCC(C)C[N+](C)(C)CC(C)CC,True,53930784.0,dimethyl-bis(2-methylbutyl)azanium,186.36
141,12,CCC(C)C[N+](C)(C)CCC(C)C,CCC(C)C[N+](C)(C)CCC(C)C,True,,,
142,12,CCC(C)C[N+](C)(CC)C(C)(C)C,CCC(C)C[N+](C)(CC)C(C)(C)C,True,,,
143,12,CCC(C)C[N+](C)(CC)CC(C)C,CCC(C)C[N+](C)(CC)CC(C)C,True,,,
144,12,CCC(C)C[N+](CC)(CC)C(C)C,CCC(C)C[N+](CC)(CC)C(C)C,True,,,
145,12,CCCC(C)[N+](C)(C(C)C)C(C)C,CCCC(C)[N+](C)(C(C)C)C(C)C,True,,,
146,12,CCCC(C)[N+](C)(C)C(C)CCC,CCCC(C)[N+](C)(C)C(C)CCC,True,123748677.0,dimethyl-di(pentan-2-yl)azanium,186.36
147,12,CCCC(C)[N+](C)(C)CC(C)CC,CCCC(C)[N+](C)(C)CC(C)CC,True,,,
148,12,CCCC(C)[N+](C)(C)CCC(C)C,CCCC(C)[N+](C)(C)CCC(C)C,True,,,
149,12,CCCC(C)[N+](C)(CC)C(C)(C)C,CCCC(C)[N+](C)(CC)C(C)(C)C,True,,,
150,12,CCCC(C)[N+](C)(CC)CC(C)C,CCCC(C)[N+](C)(CC)CC(C)C,True,,,
151,12,CCCC(C)[N+](C)(CCC)C(C)C,CCCC(C)[N+](C)(CCC)C(C)C,True,,,
152,12,CCCC(C)[N+](C)(CCC)CCC,CCCC(C)[N+](C)(CCC)CCC,True,,,
153,12,CCCC(C)[N+](CC)(CC)C(C)C,CCCC(C)[N+](CC)(CC)C(C)C,True,,,
154,12,CCCC(C)[N+](CC)(CC)CCC,CCCC(C)[N+](CC)(CC)CCC,True,175404993.0,diethyl-pentan-2-yl-propylazanium,186.36
155,12,CCCCCCC[N+](C)(C)C(C)C,CCCCCCC[N+](C)(C)C(C)C,True,,,
156,12,CCCCCCC[N+](C)(C)CCC,CCCCCCC[N+](C)(C)CCC,True,23088846.0,heptyl-dimethyl-propylazanium,186.36
157,12,CCCCCCC[N+](C)(CC)CC,CCCCCCC[N+](C)(CC)CC,True,23088836.0,diethyl-heptyl-methylazanium,186.36
158,12,CCCCCC[N+](C)(C)C(C)(C)C,CCCCCC[N+](C)(C)C(C)(C)C,True,141683291.0,tert-butyl-hexyl-dimethylazanium,186.36
159,12,CCCCCC[N+](C)(C)CC(C)C,CCCCCC[N+](C)(C)CC(C)C,True,148222309.0,hexyl-dimethyl-(2-methylpropyl)azanium,186.36
160,12,CCCCCC[N+](C)(C)CCCC,CCCCCC[N+](C)(C)CCCC,True,23088839.0,butyl-hexyl-dimethylazanium,186.36
161,12,CCCCCC[N+](C)(CC)C(C)C,CCCCCC[N+](C)(CC)C(C)C,True,152947076.0,ethyl-hexyl-methyl-propan-2-ylazanium,186.36
162,12,CCCCCC[N+](C)(CC)CCC,CCCCCC[N+](C)(CC)CCC,True,87446870.0,ethyl-hexyl-methyl-propylazanium,186.36
163,12,CCCCCC[N+](CC)(CC)CC,CCCCCC[N+](CC)(CC)CC,True,193021.0,triethyl(hexyl)azanium,186.36
164,12,CCCCC[N+](C)(C(C)C)C(C)C,CCCCC[N+](C)(C(C)C)C(C)C,True,86155885.0,methyl-pentyl-di(propan-2-yl)azanium,186.36
165,12,CCCCC[N+](C)(C)C(C)CCC,CCCCC[N+](C)(C)C(C)CCC,True,174654535.0,dimethyl-pentan-2-yl-pentylazanium,186.36
166,12,CCCCC[N+](C)(C)CC(C)CC,CCCCC[N+](C)(C)CC(C)CC,True,,,
167,12,CCCCC[N+](C)(C)CCC(C)C,CCCCC[N+](C)(C)CCC(C)C,True,159915855.0,dimethyl-(3-methylbutyl)-pentylazanium,186.36
168,12,CCCCC[N+](C)(C)CCCCC,CCCCC[N+](C)(C)CCCCC,True,11149782.0,dimethyl(dipentyl)azanium,186.36
169,12,CCCCC[N+](C)(CC)C(C)(C)C,CCCCC[N+](C)(CC)C(C)(C)C,True,,,
170,12,CCCCC[N+](C)(CC)CC(C)C,CCCCC[N+](C)(CC)CC(C)C,True,,,
171,12,CCCCC[N+](C)(CC)CCCC,CCCCC[N+](C)(CC)CCCC,True,87508333.0,butyl-ethyl-methyl-pentylazanium,186.36
172,12,CCCCC[N+](C)(CCC)C(C)C,CCCCC[N+](C)(CCC)C(C)C,True,,,
173,12,CCCCC[N+](C)(CCC)CCC,CCCCC[N+](C)(CCC)CCC,True,23088840.0,methyl-pentyl-dipropylazanium,186.36
174,12,CCCCC[N+](CC)(CC)C(C)C,CCCCC[N+](CC)(CC)C(C)C,True,,,
175,12,CCCCC[N+](CC)(CC)CCC,CCCCC[N+](CC)(CC)CCC,True,23088853.0,diethyl-pentyl-propylazanium,186.36
176,12,CCCC[N+](C)(C(C)C)C(C)(C)C,CCCC[N+](C)(C(C)C)C(C)(C)C,True,,,
177,12,CCCC[N+](C)(CC(C)C)C(C)C,CCCC[N+](C)(CC(C)C)C(C)C,True,,,
178,12,CCCC[N+](C)(CC)C(C)CCC,CCCC[N+](C)(CC)C(C)CCC,True,89267531.0,butyl-ethyl-methyl-pentan-2-ylazanium,186.36
179,12,CCCC[N+](C)(CC)CC(C)CC,CCCC[N+](C)(CC)CC(C)CC,True,,,
180,12,CCCC[N+](C)(CC)CCC(C)C,CCCC[N+](C)(CC)CCC(C)C,True,,,
181,12,CCCC[N+](C)(CCC)C(C)(C)C,CCCC[N+](C)(CCC)C(C)(C)C,True,,,
182,12,CCCC[N+](C)(CCC)CC(C)C,CCCC[N+](C)(CCC)CC(C)C,True,20341239.0,butyl-methyl-(2-methylpropyl)-propylazanium,186.36
183,12,CCCC[N+](C)(CCC)CCCC,CCCC[N+](C)(CCC)CCCC,True,87508941.0,dibutyl-methyl-propylazanium,186.36
184,12,CCCC[N+](C)(CCCC)C(C)C,CCCC[N+](C)(CCCC)C(C)C,True,140694488.0,dibutyl-methyl-propan-2-ylazanium,186.36
185,12,CCCC[N+](CC)(C(C)C)C(C)C,CCCC[N+](CC)(C(C)C)C(C)C,True,,,
186,12,CCCC[N+](CC)(CC)C(C)(C)C,CCCC[N+](CC)(CC)C(C)(C)C,True,,,
187,12,CCCC[N+](CC)(CC)CC(C)C,CCCC[N+](CC)(CC)CC(C)C,True,,,
188,12,CCCC[N+](CC)(CC)CCCC,CCCC[N+](CC)(CC)CCCC,True,45730.0,dibutyl(diethyl)azanium,186.36
189,12,CCCC[N+](CC)(CCC)C(C)C,CCCC[N+](CC)(CCC)C(C)C,True,,,
190,12,CCCC[N+](CC)(CCC)CCC,CCCC[N+](CC)(CCC)CCC,True,87824094.0,butyl-ethyl-dipropylazanium,186.36
191,12,CCC[N+](C(C)C)(C(C)C)C(C)C,CCC[N+](C(C)C)(C(C)C)C(C)C,True,22044314.0,tri(propan-2-yl)-propylazanium,186.36
192,12,CCC[N+](C)(C(C)(C)C)C(C)(C)C,CCC[N+](C)(C(C)(C)C)C(C)(C)C,True,,,
193,12,CCC[N+](C)(CC(C)C)C(C)(C)C,CCC[N+](C)(CC(C)C)C(C)(C)C,True,,,
194,12,CCC[N+](C)(CC(C)C)CC(C)C,CCC[N+](C)(CC(C)C)CC(C)C,True,,,
195,12,CCC[N+](C)(CC(C)CC)C(C)C,CCC[N+](C)(CC(C)CC)C(C)C,True,,,
196,12,CCC[N+](C)(CCC(C)C)C(C)C,CCC[N+](C)(CCC(C)C)C(C)C,True,,,
197,12,CCC[N+](C)(CCC)CC(C)CC,CCC[N+](C)(CCC)CC(C)CC,True,139247008.0,methyl-(2-methylbutyl)-dipropylazanium,186.36
198,12,CCC[N+](C)(CCC)CCC(C)C,CCC[N+](C)(CCC)CCC(C)C,True,,,
199,12,CCC[N+](CC)(C(C)C)C(C)(C)C,CCC[N+](CC)(C(C)C)C(C)(C)C,True,,,
200,12,CCC[N+](CC)(CC(C)C)C(C)C,CCC[N+](CC)(CC(C)C)C(C)C,True,,,
201,12,CCC[N+](CC)(CC)CC(C)CC,CCC[N+](CC)(CC)CC(C)CC,True,,,
202,12,CCC[N+](CC)(CC)CCC(C)C,CCC[N+](CC)(CC)CCC(C)C,True,,,
203,12,CCC[N+](CC)(CCC)C(C)(C)C,CCC[N+](CC)(CCC)C(C)(C)C,True,,,
204,12,CCC[N+](CC)(CCC)CC(C)C,CCC[N+](CC)(CCC)CC(C)C,True,87478720.0,ethyl-(2-methylpropyl)-dipropylazanium,186.36
205,12,CCC[N+](CCC)(C(C)C)C(C)C,CCC[N+](CCC)(C(C)C)C(C)C,True,22044304.0,di(propan-2-yl)-dipropylazanium,186.36
206,12,CCC[N+](CCC)(CCC)C(C)C,CCC[N+](CCC)(CCC)C(C)C,True,22044300.0,propan-2-yl(tripropyl)azanium,186.36
207,12,CCC[N+](CCC)(CCC)CCC,CCC[N+](CCC)(CCC)CCC,True,9559.0,tetrapropylazanium,186.36
208,12,CC[N+](C(C)C)(C(C)C)C(C)(C)C,CC[N+](C(C)C)(C(C)C)C(C)(C)C,True,171727410.0,tert-butyl-ethyl-di(propan-2-yl)azanium,186.36
209,12,CC[N+](C)(CCC(C)C)C(C)(C)C,CC[N+](C)(CCC(C)C)C(C)(C)C,True,,,
210,12,CC[N+](C)(CCC(C)C)CC(C)C,CC[N+](C)(CCC(C)C)CC(C)C,True,,,
211,12,CC[N+](CC(C)C)(C(C)C)C(C)C,CC[N+](CC(C)C)(C(C)C)C(C)C,True,,,
212,12,CC[N+](CC)(C(C)(C)C)C(C)(C)C,CC[N+](CC)(C(C)(C)C)C(C)(C)C,True,174667270.0,ditert-butyl(diethyl)azanium,186.36
213,12,CC[N+](CC)(CC(C)C)C(C)(C)C,CC[N+](CC)(CC(C)C)C(C)(C)C,True,,,
214,12,CC[N+](CC)(CC(C)C)CC(C)C,CC[N+](CC)(CC(C)C)CC(C)C,True,117974218.0,diethyl-bis(2-methylpropyl)azanium,186.36
215,12,CC[N+](CC)(CCC(C)C)C(C)C,CC[N+](CC)(CCC(C)C)C(C)C,True,,,
216,13,CC(C)(C)[N+](C)(C(C)(C)C)C(C)(C)C,CC(C)(C)[N+](C)(C(C)(C)C)C(C)(C)C,True,71330523.0,tritert-butyl(methyl)azanium,200.38
217,13,CC(C)CC[N+](C)(C(C)C)C(C)(C)C,CC(C)CC[N+](C)(C(C)C)C(C)(C)C,True,,,
218,13,CC(C)CC[N+](C)(CC(C)C)C(C)C,CC(C)CC[N+](C)(CC(C)C)C(C)C,True,,,
219,13,CC(C)C[N+](C(C)C)(C(C)C)C(C)C,CC(C)C[N+](C(C)C)(C(C)C)C(C)C,True,90318971.0,2-methylpropyl-tri(propan-2-yl)azanium,200.38
220,13,CC(C)C[N+](C)(C(C)(C)C)C(C)(C)C,CC(C)C[N+](C)(C(C)(C)C)C(C)(C)C,True,,,
221,13,CC(C)C[N+](C)(CC(C)C)C(C)(C)C,CC(C)C[N+](C)(CC(C)C)C(C)(C)C,True,,,
222,13,CC(C)C[N+](C)(CC(C)C)CC(C)C,CC(C)C[N+](C)(CC(C)C)CC(C)C,True,11187184.0,methyl-tris(2-methylpropyl)azanium,200.38
223,13,CC(C)[N+](C(C)C)(C(C)C)C(C)(C)C,CC(C)[N+](C(C)C)(C(C)C)C(C)(C)C,True,60075935.0,tert-butyl-tri(propan-2-yl)azanium,200.38
224,13,CCC(C)C[N+](C)(C(C)C)C(C)(C)C,CCC(C)C[N+](C)(C(C)C)C(C)(C)C,True,,,
225,13,CCC(C)C[N+](C)(CC(C)C)C(C)C,CCC(C)C[N+](C)(CC(C)C)C(C)C,True,,,
226,13,CCC(C)C[N+](C)(CC)CC(C)CC,CCC(C)C[N+](C)(CC)CC(C)CC,True,,,
227,13,CCC(C)C[N+](C)(CC)CCC(C)C,CCC(C)C[N+](C)(CC)CCC(C)C,True,,,
228,13,CCC(C)C[N+](CC)(C(C)C)C(C)C,CCC(C)C[N+](CC)(C(C)C)C(C)C,True,,,
229,13,CCC(C)C[N+](CC)(CC)C(C)(C)C,CCC(C)C[N+](CC)(CC)C(C)(C)C,True,,,
230,13,CCC(C)C[N+](CC)(CC)CC(C)C,CCC(C)C[N+](CC)(CC)CC(C)C,True,,,
231,13,CCCC(C)[N+](C)(C(C)C)C(C)(C)C,CCCC(C)[N+](C)(C(C)C)C(C)(C)C,True,,,
232,13,CCCC(C)[N+](C)(CC(C)C)C(C)C,CCCC(C)[N+](C)(CC(C)C)C(C)C,True,,,
233,13,CCCC(C)[N+](C)(CC)C(C)CCC,CCCC(C)[N+](C)(CC)C(C)CCC,True,,,
234,13,CCCC(C)[N+](C)(CC)CC(C)CC,CCCC(C)[N+](C)(CC)CC(C)CC,True,,,
235,13,CCCC(C)[N+](C)(CC)CCC(C)C,CCCC(C)[N+](C)(CC)CCC(C)C,True,,,
236,13,CCCC(C)[N+](C)(CCC)C(C)(C)C,CCCC(C)[N+](C)(CCC)C(C)(C)C,True,,,
237,13,CCCC(C)[N+](C)(CCC)CC(C)C,CCCC(C)[N+](C)(CCC)CC(C)C,True,,,
238,13,CCCC(C)[N+](CC)(C(C)C)C(C)C,CCCC(C)[N+](CC)(C(C)C)C(C)C,True,,,
239,13,CCCC(C)[N+](CC)(CC)C(C)(C)C,CCCC(C)[N+](CC)(CC)C(C)(C)C,True,,,
240,13,CCCC(C)[N+](CC)(CC)CC(C)C,CCCC(C)[N+](CC)(CC)CC(C)C,True,,,
241,13,CCCC(C)[N+](CC)(CCC)C(C)C,CCCC(C)[N+](CC)(CCC)C(C)C,True,,,
242,13,CCCC(C)[N+](CC)(CCC)CCC,CCCC(C)[N+](CC)(CCC)CCC,True,,,
243,13,CCCCCCC[N+](C)(C)C(C)(C)C,CCCCCCC[N+](C)(C)C(C)(C)C,True,141683286.0,tert-butyl-heptyl-dimethylazanium,200.38
244,13,CCCCCCC[N+](C)(C)CC(C)C,CCCCCCC[N+](C)(C)CC(C)C,True,,,
245,13,CCCCCCC[N+](C)(C)CCCC,CCCCCCC[N+](C)(C)CCCC,True,23088855.0,butyl-heptyl-dimethylazanium,200.38
246,13,CCCCCCC[N+](C)(CC)C(C)C,CCCCCCC[N+](C)(CC)C(C)C,True,,,
247,13,CCCCCCC[N+](C)(CC)CCC,CCCCCCC[N+](C)(CC)CCC,True,,,
248,13,CCCCCCC[N+](CC)(CC)CC,CCCCCCC[N+](CC)(CC)CC,True,14389559.0,triethyl(heptyl)azanium,200.38
249,13,CCCCCC[N+](C)(C(C)C)C(C)C,CCCCCC[N+](C)(C(C)C)C(C)C,True,,,
250,13,CCCCCC[N+](C)(C)C(C)CCC,CCCCCC[N+](C)(C)C(C)CCC,True,,,
251,13,CCCCCC[N+](C)(C)CC(C)CC,CCCCCC[N+](C)(C)CC(C)CC,True,,,
252,13,CCCCCC[N+](C)(C)CCC(C)C,CCCCCC[N+](C)(C)CCC(C)C,True,159915856.0,hexyl-dimethyl-(3-methylbutyl)azanium,200.38
253,13,CCCCCC[N+](C)(C)CCCCC,CCCCCC[N+](C)(C)CCCCC,True,23088834.0,hexyl-dimethyl-pentylazanium,200.38
254,13,CCCCCC[N+](C)(CC)C(C)(C)C,CCCCCC[N+](C)(CC)C(C)(C)C,True,,,
255,13,CCCCCC[N+](C)(CC)CC(C)C,CCCCCC[N+](C)(CC)CC(C)C,True,,,
256,13,CCCCCC[N+](C)(CC)CCCC,CCCCCC[N+](C)(CC)CCCC,True,57165305.0,butyl-ethyl-hexyl-methylazanium,200.38
257,13,CCCCCC[N+](C)(CCC)C(C)C,CCCCCC[N+](C)(CCC)C(C)C,True,,,
258,13,CCCCCC[N+](C)(CCC)CCC,CCCCCC[N+](C)(CCC)CCC,True,87508855.0,hexyl-methyl-dipropylazanium,200.38
259,13,CCCCCC[N+](CC)(CC)C(C)C,CCCCCC[N+](CC)(CC)C(C)C,True,,,
260,13,CCCCCC[N+](CC)(CC)CCC,CCCCCC[N+](CC)(CC)CCC,True,153996761.0,diethyl-hexyl-propylazanium,200.38
261,13,CCCCC[N+](C)(C(C)C)C(C)(C)C,CCCCC[N+](C)(C(C)C)C(C)(C)C,True,,,
262,13,CCCCC[N+](C)(CC(C)C)C(C)C,CCCCC[N+](C)(CC(C)C)C(C)C,True,,,
263,13,CCCCC[N+](C)(CC)C(C)CCC,CCCCC[N+](C)(CC)C(C)CCC,True,,,
264,13,CCCCC[N+](C)(CC)CC(C)CC,CCCCC[N+](C)(CC)CC(C)CC,True,,,
265,13,CCCCC[N+](C)(CC)CCC(C)C,CCCCC[N+](C)(CC)CCC(C)C,True,,,
266,13,CCCCC[N+](C)(CC)CCCCC,CCCCC[N+](C)(CC)CCCCC,True,57048141.0,ethyl-methyl-dipentylazanium,200.38
267,13,CCCCC[N+](C)(CCC)C(C)(C)C,CCCCC[N+](C)(CCC)C(C)(C)C,True,,,
268,13,CCCCC[N+](C)(CCC)CC(C)C,CCCCC[N+](C)(CCC)CC(C)C,True,,,
269,13,CCCCC[N+](C)(CCC)CCCC,CCCCC[N+](C)(CCC)CCCC,True,87508327.0,butyl-methyl-pentyl-propylazanium,200.38
270,13,CCCCC[N+](C)(CCCC)C(C)C,CCCCC[N+](C)(CCCC)C(C)C,True,,,
271,13,CCCCC[N+](CC)(C(C)C)C(C)C,CCCCC[N+](CC)(C(C)C)C(C)C,True,,,
272,13,CCCCC[N+](CC)(CC)C(C)(C)C,CCCCC[N+](CC)(CC)C(C)(C)C,True,,,
273,13,CCCCC[N+](CC)(CC)CC(C)C,CCCCC[N+](CC)(CC)CC(C)C,True,,,
274,13,CCCCC[N+](CC)(CC)CCCC,CCCCC[N+](CC)(CC)CCCC,True,118020623.0,butyl-diethyl-pentylazanium,200.38
275,13,CCCCC[N+](CC)(CCC)C(C)C,CCCCC[N+](CC)(CCC)C(C)C,True,,,
276,13,CCCCC[N+](CC)(CCC)CCC,CCCCC[N+](CC)(CCC)CCC,True,118020792.0,ethyl-pentyl-dipropylazanium,200.38
277,13,CCCC[N+](C(C)C)(C(C)C)C(C)C,CCCC[N+](C(C)C)(C(C)C)C(C)C,True,87805927.0,butyl-tri(propan-2-yl)azanium,200.38
278,13,CCCC[N+](C)(C(C)(C)C)C(C)(C)C,CCCC[N+](C)(C(C)(C)C)C(C)(C)C,True,,,
279,13,CCCC[N+](C)(C(C)C)C(C)CCC,CCCC[N+](C)(C(C)C)C(C)CCC,True,,,
280,13,CCCC[N+](C)(CC(C)C)C(C)(C)C,CCCC[N+](C)(CC(C)C)C(C)(C)C,True,,,
281,13,CCCC[N+](C)(CC(C)C)CC(C)C,CCCC[N+](C)(CC(C)C)CC(C)C,True,,,
282,13,CCCC[N+](C)(CC(C)CC)C(C)C,CCCC[N+](C)(CC(C)CC)C(C)C,True,,,
283,13,CCCC[N+](C)(CCC(C)C)C(C)C,CCCC[N+](C)(CCC(C)C)C(C)C,True,,,
284,13,CCCC[N+](C)(CCC)C(C)CCC,CCCC[N+](C)(CCC)C(C)CCC,True,,,
285,13,CCCC[N+](C)(CCC)CC(C)CC,CCCC[N+](C)(CCC)CC(C)CC,True,,,
286,13,CCCC[N+](C)(CCC)CCC(C)C,CCCC[N+](C)(CCC)CCC(C)C,True,,,
287,13,CCCC[N+](C)(CCCC)C(C)(C)C,CCCC[N+](C)(CCCC)C(C)(C)C,True,,,
288,13,CCCC[N+](C)(CCCC)CC(C)C,CCCC[N+](C)(CCCC)CC(C)C,True,,,
289,13,CCCC[N+](C)(CCCC)CCCC,CCCC[N+](C)(CCCC)CCCC,True,36209.0,tributyl(methyl)azanium,200.38
290,13,CCCC[N+](CC)(C(C)C)C(C)(C)C,CCCC[N+](CC)(C(C)C)C(C)(C)C,True,,,
291,13,CCCC[N+](CC)(CC(C)C)C(C)C,CCCC[N+](CC)(CC(C)C)C(C)C,True,,,
292,13,CCCC[N+](CC)(CC)C(C)CCC,CCCC[N+](CC)(CC)C(C)CCC,True,,,
293,13,CCCC[N+](CC)(CC)CC(C)CC,CCCC[N+](CC)(CC)CC(C)CC,True,,,
294,13,CCCC[N+](CC)(CC)CCC(C)C,CCCC[N+](CC)(CC)CCC(C)C,True,,,
295,13,CCCC[N+](CC)(CCC)C(C)(C)C,CCCC[N+](CC)(CCC)C(C)(C)C,True,,,
296,13,CCCC[N+](CC)(CCC)CC(C)C,CCCC[N+](CC)(CCC)CC(C)C,True,,,
297,13,CCCC[N+](CC)(CCC)CCCC,CCCC[N+](CC)(CCC)CCCC,True,5257973.0,dibutyl-ethyl-propylazanium,200.38
298,13,CCCC[N+](CC)(CCCC)C(C)C,CCCC[N+](CC)(CCCC)C(C)C,True,,,
299,13,CCCC[N+](CCC)(C(C)C)C(C)C,CCCC[N+](CCC)(C(C)C)C(C)C,True,,,
300,13,CCCC[N+](CCC)(CCC)C(C)C,CCCC[N+](CCC)(CCC)C(C)C,True,,,
301,13,CCCC[N+](CCC)(CCC)CCC,CCCC[N+](CCC)(CCC)CCC,True,19180.0,butyl(tripropyl)azanium,200.38
302,13,CCC[N+](C(C)C)(C(C)C)C(C)(C)C,CCC[N+](C(C)C)(C(C)C)C(C)(C)C,True,,,
303,13,CCC[N+](C)(CC(C)C)CC(C)CC,CCC[N+](C)(CC(C)C)CC(C)CC,True,,,
304,13,CCC[N+](C)(CC(C)CC)C(C)(C)C,CCC[N+](C)(CC(C)CC)C(C)(C)C,True,,,
305,13,CCC[N+](C)(CCC(C)C)C(C)(C)C,CCC[N+](C)(CCC(C)C)C(C)(C)C,True,,,
306,13,CCC[N+](C)(CCC(C)C)CC(C)C,CCC[N+](C)(CCC(C)C)CC(C)C,True,,,
307,13,CCC[N+](CC(C)C)(C(C)C)C(C)C,CCC[N+](CC(C)C)(C(C)C)C(C)C,True,170073987.0,2-methylpropyl-di(propan-2-yl)-propylazanium,200.38
308,13,CCC[N+](CC)(C(C)(C)C)C(C)(C)C,CCC[N+](CC)(C(C)(C)C)C(C)(C)C,True,,,
309,13,CCC[N+](CC)(CC(C)C)C(C)(C)C,CCC[N+](CC)(CC(C)C)C(C)(C)C,True,,,
310,13,CCC[N+](CC)(CC(C)C)CC(C)C,CCC[N+](CC)(CC(C)C)CC(C)C,True,,,
311,13,CCC[N+](CC)(CC(C)CC)C(C)C,CCC[N+](CC)(CC(C)CC)C(C)C,True,,,
312,13,CCC[N+](CC)(CCC(C)C)C(C)C,CCC[N+](CC)(CCC(C)C)C(C)C,True,,,
313,13,CCC[N+](CC)(CCC)CC(C)CC,CCC[N+](CC)(CCC)CC(C)CC,True,,,
314,13,CCC[N+](CC)(CCC)CCC(C)C,CCC[N+](CC)(CCC)CCC(C)C,True,,,
315,13,CCC[N+](CCC)(C(C)C)C(C)(C)C,CCC[N+](CCC)(C(C)C)C(C)(C)C,True,,,
316,13,CCC[N+](CCC)(CC(C)C)C(C)C,CCC[N+](CCC)(CC(C)C)C(C)C,True,,,
317,13,CCC[N+](CCC)(CCC)C(C)(C)C,CCC[N+](CCC)(CCC)C(C)(C)C,True,,,
318,13,CCC[N+](CCC)(CCC)CC(C)C,CCC[N+](CCC)(CCC)CC(C)C,True,18761864.0,2-methylpropyl(tripropyl)azanium,200.38
319,13,CC[N+](C(C)C)(C(C)(C)C)C(C)(C)C,CC[N+](C(C)C)(C(C)(C)C)C(C)(C)C,True,,,
320,13,CC[N+](C)(CCC(C)C)CCC(C)C,CC[N+](C)(CCC(C)C)CCC(C)C,True,,,
321,13,CC[N+](CC(C)C)(C(C)C)C(C)(C)C,CC[N+](CC(C)C)(C(C)C)C(C)(C)C,True,,,
322,13,CC[N+](CC(C)C)(CC(C)C)C(C)C,CC[N+](CC(C)C)(CC(C)C)C(C)C,True,,,
323,13,CC[N+](CC)(CCC(C)C)C(C)(C)C,CC[N+](CC)(CCC(C)C)C(C)(C)C,True,,,
324,13,CC[N+](CC)(CCC(C)C)CC(C)C,CC[N+](CC)(CCC(C)C)CC(C)C,True,,,
325,13,CC[N+](CCC(C)C)(C(C)C)C(C)C,CC[N+](CCC(C)C)(C(C)C)C(C)C,True,,,
326,14,CC(C)CC[N+](C(C)C)(C(C)C)C(C)C,CC(C)CC[N+](C(C)C)(C(C)C)C(C)C,True,,,
327,14,CC(C)CC[N+](C)(C(C)(C)C)C(C)(C)C,CC(C)CC[N+](C)(C(C)(C)C)C(C)(C)C,True,,,
328,14,CC(C)CC[N+](C)(CC(C)C)C(C)(C)C,CC(C)CC[N+](C)(CC(C)C)C(C)(C)C,True,,,
329,14,CC(C)CC[N+](C)(CC(C)C)CC(C)C,CC(C)CC[N+](C)(CC(C)C)CC(C)C,True,,,
330,14,CC(C)CC[N+](C)(CCC(C)C)C(C)C,CC(C)CC[N+](C)(CCC(C)C)C(C)C,True,,,
331,14,CC(C)C[N+](C(C)C)(C(C)C)C(C)(C)C,CC(C)C[N+](C(C)C)(C(C)C)C(C)(C)C,True,,,
332,14,CC(C)C[N+](CC(C)C)(C(C)C)C(C)C,CC(C)C[N+](CC(C)C)(C(C)C)C(C)C,True,153455956.0,bis(2-methylpropyl)-di(propan-2-yl)azanium,214.41
333,14,CC(C)[N+](C(C)C)(C(C)(C)C)C(C)(C)C,CC(C)[N+](C(C)C)(C(C)(C)C)C(C)(C)C,True,60075940.0,ditert-butyl-di(propan-2-yl)azanium,214.41
334,14,CCC(C)C[N+](C(C)C)(C(C)C)C(C)C,CCC(C)C[N+](C(C)C)(C(C)C)C(C)C,True,,,
335,14,CCC(C)C[N+](C)(C(C)(C)C)C(C)(C)C,CCC(C)C[N+](C)(C(C)(C)C)C(C)(C)C,True,,,
336,14,CCC(C)C[N+](C)(CC(C)C)C(C)(C)C,CCC(C)C[N+](C)(CC(C)C)C(C)(C)C,True,,,
337,14,CCC(C)C[N+](C)(CC(C)C)CC(C)C,CCC(C)C[N+](C)(CC(C)C)CC(C)C,True,,,
338,14,CCC(C)C[N+](C)(CC(C)CC)C(C)C,CCC(C)C[N+](C)(CC(C)CC)C(C)C,True,,,
339,14,CCC(C)C[N+](C)(CCC(C)C)C(C)C,CCC(C)C[N+](C)(CCC(C)C)C(C)C,True,,,
340,14,CCC(C)C[N+](CC)(C(C)C)C(C)(C)C,CCC(C)C[N+](CC)(C(C)C)C(C)(C)C,True,,,
341,14,CCC(C)C[N+](CC)(CC(C)C)C(C)C,CCC(C)C[N+](CC)(CC(C)C)C(C)C,True,,,
342,14,CCC(C)C[N+](CC)(CC)CC(C)CC,CCC(C)C[N+](CC)(CC)CC(C)CC,True,,,
343,14,CCC(C)C[N+](CC)(CC)CCC(C)C,CCC(C)C[N+](CC)(CC)CCC(C)C,True,,,
344,14,CCCC(C)[N+](C(C)C)(C(C)C)C(C)C,CCCC(C)[N+](C(C)C)(C(C)C)C(C)C,True,,,
345,14,CCCC(C)[N+](C)(C(C)(C)C)C(C)(C)C,CCCC(C)[N+](C)(C(C)(C)C)C(C)(C)C,True,,,
346,14,CCCC(C)[N+](C)(C(C)C)C(C)CCC,CCCC(C)[N+](C)(C(C)C)C(C)CCC,True,,,
347,14,CCCC(C)[N+](C)(CC(C)C)C(C)(C)C,CCCC(C)[N+](C)(CC(C)C)C(C)(C)C,True,,,
348,14,CCCC(C)[N+](C)(CC(C)C)CC(C)C,CCCC(C)[N+](C)(CC(C)C)CC(C)C,True,,,
349,14,CCCC(C)[N+](C)(CC(C)CC)C(C)C,CCCC(C)[N+](C)(CC(C)CC)C(C)C,True,,,
350,14,CCCC(C)[N+](C)(CCC(C)C)C(C)C,CCCC(C)[N+](C)(CCC(C)C)C(C)C,True,,,
351,14,CCCC(C)[N+](C)(CCC)C(C)CCC,CCCC(C)[N+](C)(CCC)C(C)CCC,True,,,
352,14,CCCC(C)[N+](C)(CCC)CC(C)CC,CCCC(C)[N+](C)(CCC)CC(C)CC,True,,,
353,14,CCCC(C)[N+](C)(CCC)CCC(C)C,CCCC(C)[N+](C)(CCC)CCC(C)C,True,,,
354,14,CCCC(C)[N+](CC)(C(C)C)C(C)(C)C,CCCC(C)[N+](CC)(C(C)C)C(C)(C)C,True,,,
355,14,CCCC(C)[N+](CC)(CC(C)C)C(C)C,CCCC(C)[N+](CC)(CC(C)C)C(C)C,True,,,
356,14,CCCC(C)[N+](CC)(CC)C(C)CCC,CCCC(C)[N+](CC)(CC)C(C)CCC,True,,,
357,14,CCCC(C)[N+](CC)(CC)CC(C)CC,CCCC(C)[N+](CC)(CC)CC(C)CC,True,,,
358,14,CCCC(C)[N+](CC)(CC)CCC(C)C,CCCC(C)[N+](CC)(CC)CCC(C)C,True,,,
359,14,CCCC(C)[N+](CC)(CCC)C(C)(C)C,CCCC(C)[N+](CC)(CCC)C(C)(C)C,True,,,
360,14,CCCC(C)[N+](CC)(CCC)CC(C)C,CCCC(C)[N+](CC)(CCC)CC(C)C,True,,,
361,14,CCCC(C)[N+](CCC)(C(C)C)C(C)C,CCCC(C)[N+](CCC)(C(C)C)C(C)C,True,,,
362,14,CCCC(C)[N+](CCC)(CCC)C(C)C,CCCC(C)[N+](CCC)(CCC)C(C)C,True,,,
363,14,CCCC(C)[N+](CCC)(CCC)CCC,CCCC(C)[N+](CCC)(CCC)CCC,True,175194219.0,pentan-2-yl(tripropyl)azanium,214.41
364,14,CCCCCCC[N+](C)(C(C)C)C(C)C,CCCCCCC[N+](C)(C(C)C)C(C)C,True,,,
365,14,CCCCCCC[N+](C)(C)C(C)CCC,CCCCCCC[N+](C)(C)C(C)CCC,True,,,
366,14,CCCCCCC[N+](C)(C)CC(C)CC,CCCCCCC[N+](C)(C)CC(C)CC,True,,,
367,14,CCCCCCC[N+](C)(C)CCC(C)C,CCCCCCC[N+](C)(C)CCC(C)C,True,159915857.0,heptyl-dimethyl-(3-methylbutyl)azanium,214.41
368,14,CCCCCCC[N+](C)(C)CCCCC,CCCCCCC[N+](C)(C)CCCCC,True,87493941.0,heptyl-dimethyl-pentylazanium,214.41
369,14,CCCCCCC[N+](C)(CC)C(C)(C)C,CCCCCCC[N+](C)(CC)C(C)(C)C,True,,,
370,14,CCCCCCC[N+](C)(CC)CC(C)C,CCCCCCC[N+](C)(CC)CC(C)C,True,,,
371,14,CCCCCCC[N+](C)(CC)CCCC,CCCCCCC[N+](C)(CC)CCCC,True,146418800.0,butyl-ethyl-heptyl-methylazanium,214.41
372,14,CCCCCCC[N+](C)(CCC)C(C)C,CCCCCCC[N+](C)(CCC)C(C)C,True,,,
373,14,CCCCCCC[N+](C)(CCC)CCC,CCCCCCC[N+](C)(CCC)CCC,True,,,
374,14,CCCCCCC[N+](CC)(CC)C(C)C,CCCCCCC[N+](CC)(CC)C(C)C,True,,,
375,14,CCCCCCC[N+](CC)(CC)CCC,CCCCCCC[N+](CC)(CC)CCC,True,,,
376,14,CCCCCC[N+](C)(C(C)C)C(C)(C)C,CCCCCC[N+](C)(C(C)C)C(C)(C)C,True,,,
377,14,CCCCCC[N+](C)(C)CCCCCC,CCCCCC[N+](C)(C)CCCCCC,True,158284.0,dihexyl(dimethyl)azanium,214.41
378,14,CCCCCC[N+](C)(CC(C)C)C(C)C,CCCCCC[N+](C)(CC(C)C)C(C)C,True,,,
379,14,CCCCCC[N+](C)(CC)C(C)CCC,CCCCCC[N+](C)(CC)C(C)CCC,True,,,
380,14,CCCCCC[N+](C)(CC)CC(C)CC,CCCCCC[N+](C)(CC)CC(C)CC,True,,,
381,14,CCCCCC[N+](C)(CC)CCC(C)C,CCCCCC[N+](C)(CC)CCC(C)C,True,,,
382,14,CCCCCC[N+](C)(CC)CCCCC,CCCCCC[N+](C)(CC)CCCCC,True,87508057.0,ethyl-hexyl-methyl-pentylazanium,214.41
383,14,CCCCCC[N+](C)(CCC)C(C)(C)C,CCCCCC[N+](C)(CCC)C(C)(C)C,True,,,
384,14,CCCCCC[N+](C)(CCC)CC(C)C,CCCCCC[N+](C)(CCC)CC(C)C,True,,,
385,14,CCCCCC[N+](C)(CCC)CCCC,CCCCCC[N+](C)(CCC)CCCC,True,87507944.0,butyl-hexyl-methyl-propylazanium,214.41
386,14,CCCCCC[N+](C)(CCCC)C(C)C,CCCCCC[N+](C)(CCCC)C(C)C,True,,,
387,14,CCCCCC[N+](CC)(C(C)C)C(C)C,CCCCCC[N+](CC)(C(C)C)C(C)C,True,,,
388,14,CCCCCC[N+](CC)(CC)C(C)(C)C,CCCCCC[N+](CC)(CC)C(C)(C)C,True,,,
389,14,CCCCCC[N+](CC)(CC)CC(C)C,CCCCCC[N+](CC)(CC)CC(C)C,True,,,
390,14,CCCCCC[N+](CC)(CC)CCCC,CCCCCC[N+](CC)(CC)CCCC,True,153996762.0,butyl-diethyl-hexylazanium,214.41
391,14,CCCCCC[N+](CC)(CCC)C(C)C,CCCCCC[N+](CC)(CCC)C(C)C,True,,,
392,14,CCCCCC[N+](CC)(CCC)CCC,CCCCCC[N+](CC)(CCC)CCC,True,153959332.0,ethyl-hexyl-dipropylazanium,214.41
393,14,CCCCC[N+](C(C)C)(C(C)C)C(C)C,CCCCC[N+](C(C)C)(C(C)C)C(C)C,True,87809704.0,pentyl-tri(propan-2-yl)azanium,214.41
394,14,CCCCC[N+](C)(C(C)(C)C)C(C)(C)C,CCCCC[N+](C)(C(C)(C)C)C(C)(C)C,True,,,
395,14,CCCCC[N+](C)(C(C)C)C(C)CCC,CCCCC[N+](C)(C(C)C)C(C)CCC,True,,,
396,14,CCCCC[N+](C)(CC(C)C)C(C)(C)C,CCCCC[N+](C)(CC(C)C)C(C)(C)C,True,,,
397,14,CCCCC[N+](C)(CC(C)C)CC(C)C,CCCCC[N+](C)(CC(C)C)CC(C)C,True,,,
398,14,CCCCC[N+](C)(CC(C)CC)C(C)C,CCCCC[N+](C)(CC(C)CC)C(C)C,True,,,
399,14,CCCCC[N+](C)(CCC(C)C)C(C)C,CCCCC[N+](C)(CCC(C)C)C(C)C,True,,,
400,14,CCCCC[N+](C)(CCC)C(C)CCC,CCCCC[N+](C)(CCC)C(C)CCC,True,,,
401,14,CCCCC[N+](C)(CCC)CC(C)CC,CCCCC[N+](C)(CCC)CC(C)CC,True,,,
402,14,CCCCC[N+](C)(CCC)CCC(C)C,CCCCC[N+](C)(CCC)CCC(C)C,True,164088703.0,methyl-(3-methylbutyl)-pentyl-propylazanium,214.41
403,14,CCCCC[N+](C)(CCC)CCCCC,CCCCC[N+](C)(CCC)CCCCC,True,87509148.0,methyl-dipentyl-propylazanium,214.41
404,14,CCCCC[N+](C)(CCCC)C(C)(C)C,CCCCC[N+](C)(CCCC)C(C)(C)C,True,,,
405,14,CCCCC[N+](C)(CCCC)CC(C)C,CCCCC[N+](C)(CCCC)CC(C)C,True,,,
406,14,CCCCC[N+](C)(CCCC)CCCC,CCCCC[N+](C)(CCCC)CCCC,True,21452154.0,dibutyl-methyl-pentylazanium,214.41
407,14,CCCCC[N+](C)(CCCCC)C(C)C,CCCCC[N+](C)(CCCCC)C(C)C,True,,,
408,14,CCCCC[N+](CC)(C(C)C)C(C)(C)C,CCCCC[N+](CC)(C(C)C)C(C)(C)C,True,,,
409,14,CCCCC[N+](CC)(CC(C)C)C(C)C,CCCCC[N+](CC)(CC(C)C)C(C)C,True,,,
410,14,CCCCC[N+](CC)(CC)C(C)CCC,CCCCC[N+](CC)(CC)C(C)CCC,True,,,
411,14,CCCCC[N+](CC)(CC)CC(C)CC,CCCCC[N+](CC)(CC)CC(C)CC,True,,,
412,14,CCCCC[N+](CC)(CC)CCC(C)C,CCCCC[N+](CC)(CC)CCC(C)C,True,,,
413,14,CCCCC[N+](CC)(CC)CCCCC,CCCCC[N+](CC)(CC)CCCCC,True,87534181.0,diethyl(dipentyl)azanium,214.41
414,14,CCCCC[N+](CC)(CCC)C(C)(C)C,CCCCC[N+](CC)(CCC)C(C)(C)C,True,,,
415,14,CCCCC[N+](CC)(CCC)CC(C)C,CCCCC[N+](CC)(CCC)CC(C)C,True,,,
416,14,CCCCC[N+](CC)(CCC)CCCC,CCCCC[N+](CC)(CCC)CCCC,True,71366278.0,butyl-ethyl-pentyl-propylazanium,214.41
417,14,CCCCC[N+](CC)(CCCC)C(C)C,CCCCC[N+](CC)(CCCC)C(C)C,True,,,
418,14,CCCCC[N+](CCC)(C(C)C)C(C)C,CCCCC[N+](CCC)(C(C)C)C(C)C,True,,,
419,14,CCCCC[N+](CCC)(CCC)C(C)C,CCCCC[N+](CCC)(CCC)C(C)C,True,,,
420,14,CCCCC[N+](CCC)(CCC)CCC,CCCCC[N+](CCC)(CCC)CCC,True,20376265.0,pentyl(tripropyl)azanium,214.41
421,14,CCCC[N+](C(C)C)(C(C)C)C(C)(C)C,CCCC[N+](C(C)C)(C(C)C)C(C)(C)C,True,,,
422,14,CCCC[N+](C)(C(C)CCC)C(C)(C)C,CCCC[N+](C)(C(C)CCC)C(C)(C)C,True,,,
423,14,CCCC[N+](C)(CC(C)C)C(C)CCC,CCCC[N+](C)(CC(C)C)C(C)CCC,True,,,
424,14,CCCC[N+](C)(CC(C)C)CC(C)CC,CCCC[N+](C)(CC(C)C)CC(C)CC,True,,,
425,14,CCCC[N+](C)(CC(C)CC)C(C)(C)C,CCCC[N+](C)(CC(C)CC)C(C)(C)C,True,,,
426,14,CCCC[N+](C)(CCC(C)C)C(C)(C)C,CCCC[N+](C)(CCC(C)C)C(C)(C)C,True,,,
427,14,CCCC[N+](C)(CCC(C)C)CC(C)C,CCCC[N+](C)(CCC(C)C)CC(C)C,True,,,
428,14,CCCC[N+](C)(CCCC)C(C)CCC,CCCC[N+](C)(CCCC)C(C)CCC,True,158727301.0,dibutyl-methyl-pentan-2-ylazanium,214.41
429,14,CCCC[N+](C)(CCCC)CC(C)CC,CCCC[N+](C)(CCCC)CC(C)CC,True,166723465.0,dibutyl-methyl-(2-methylbutyl)azanium,214.41
430,14,CCCC[N+](C)(CCCC)CCC(C)C,CCCC[N+](C)(CCCC)CCC(C)C,True,,,
431,14,CCCC[N+](CC(C)C)(C(C)C)C(C)C,CCCC[N+](CC(C)C)(C(C)C)C(C)C,True,,,
432,14,CCCC[N+](CC)(C(C)(C)C)C(C)(C)C,CCCC[N+](CC)(C(C)(C)C)C(C)(C)C,True,,,
433,14,CCCC[N+](CC)(C(C)C)C(C)CCC,CCCC[N+](CC)(C(C)C)C(C)CCC,True,,,
434,14,CCCC[N+](CC)(CC(C)C)C(C)(C)C,CCCC[N+](CC)(CC(C)C)C(C)(C)C,True,,,
435,14,CCCC[N+](CC)(CC(C)C)CC(C)C,CCCC[N+](CC)(CC(C)C)CC(C)C,True,,,
436,14,CCCC[N+](CC)(CC(C)CC)C(C)C,CCCC[N+](CC)(CC(C)CC)C(C)C,True,,,
437,14,CCCC[N+](CC)(CCC(C)C)C(C)C,CCCC[N+](CC)(CCC(C)C)C(C)C,True,,,
438,14,CCCC[N+](CC)(CCC)C(C)CCC,CCCC[N+](CC)(CCC)C(C)CCC,True,,,
439,14,CCCC[N+](CC)(CCC)CC(C)CC,CCCC[N+](CC)(CCC)CC(C)CC,True,,,
440,14,CCCC[N+](CC)(CCC)CCC(C)C,CCCC[N+](CC)(CCC)CCC(C)C,True,,,
441,14,CCCC[N+](CC)(CCCC)C(C)(C)C,CCCC[N+](CC)(CCCC)C(C)(C)C,True,,,
442,14,CCCC[N+](CC)(CCCC)CC(C)C,CCCC[N+](CC)(CCCC)CC(C)C,True,87480563.0,dibutyl-ethyl-(2-methylpropyl)azanium,214.41
443,14,CCCC[N+](CC)(CCCC)CCCC,CCCC[N+](CC)(CCCC)CCCC,True,44528.0,tributyl(ethyl)azanium,214.41
444,14,CCCC[N+](CCC)(C(C)C)C(C)(C)C,CCCC[N+](CCC)(C(C)C)C(C)(C)C,True,,,
445,14,CCCC[N+](CCC)(CC(C)C)C(C)C,CCCC[N+](CCC)(CC(C)C)C(C)C,True,,,
446,14,CCCC[N+](CCC)(CCC)C(C)(C)C,CCCC[N+](CCC)(CCC)C(C)(C)C,True,,,
447,14,CCCC[N+](CCC)(CCC)CC(C)C,CCCC[N+](CCC)(CCC)CC(C)C,True,,,
448,14,CCCC[N+](CCC)(CCC)CCCC,CCCC[N+](CCC)(CCC)CCCC,True,20480844.0,dibutyl(dipropyl)azanium,214.41
449,14,CCCC[N+](CCC)(CCCC)C(C)C,CCCC[N+](CCC)(CCCC)C(C)C,True,,,
450,14,CCCC[N+](CCCC)(C(C)C)C(C)C,CCCC[N+](CCCC)(C(C)C)C(C)C,True,172754167.0,dibutyl-di(propan-2-yl)azanium,214.41
451,14,CCC[N+](C(C)C)(C(C)(C)C)C(C)(C)C,CCC[N+](C(C)C)(C(C)(C)C)C(C)(C)C,True,,,
452,14,CCC[N+](C)(CC(C)CC)CC(C)CC,CCC[N+](C)(CC(C)CC)CC(C)CC,True,,,
453,14,CCC[N+](C)(CCC(C)C)CC(C)CC,CCC[N+](C)(CCC(C)C)CC(C)CC,True,,,
454,14,CCC[N+](C)(CCC(C)C)CCC(C)C,CCC[N+](C)(CCC(C)C)CCC(C)C,True,,,
455,14,CCC[N+](CC(C)C)(C(C)C)C(C)(C)C,CCC[N+](CC(C)C)(C(C)C)C(C)(C)C,True,,,
456,14,CCC[N+](CC(C)C)(CC(C)C)C(C)C,CCC[N+](CC(C)C)(CC(C)C)C(C)C,True,,,
457,14,CCC[N+](CC(C)CC)(C(C)C)C(C)C,CCC[N+](CC(C)CC)(C(C)C)C(C)C,True,,,
458,14,CCC[N+](CC)(CC(C)C)CC(C)CC,CCC[N+](CC)(CC(C)C)CC(C)CC,True,,,
459,14,CCC[N+](CC)(CC(C)CC)C(C)(C)C,CCC[N+](CC)(CC(C)CC)C(C)(C)C,True,,,
460,14,CCC[N+](CC)(CCC(C)C)C(C)(C)C,CCC[N+](CC)(CCC(C)C)C(C)(C)C,True,,,
461,14,CCC[N+](CC)(CCC(C)C)CC(C)C,CCC[N+](CC)(CCC(C)C)CC(C)C,True,,,
462,14,CCC[N+](CCC(C)C)(C(C)C)C(C)C,CCC[N+](CCC(C)C)(C(C)C)C(C)C,True,,,
463,14,CCC[N+](CCC)(C(C)(C)C)C(C)(C)C,CCC[N+](CCC)(C(C)(C)C)C(C)(C)C,True,,,
464,14,CCC[N+](CCC)(CC(C)C)C(C)(C)C,CCC[N+](CCC)(CC(C)C)C(C)(C)C,True,,,
465,14,CCC[N+](CCC)(CC(C)C)CC(C)C,CCC[N+](CCC)(CC(C)C)CC(C)C,True,,,
466,14,CCC[N+](CCC)(CC(C)CC)C(C)C,CCC[N+](CCC)(CC(C)CC)C(C)C,True,,,
467,14,CCC[N+](CCC)(CCC(C)C)C(C)C,CCC[N+](CCC)(CCC(C)C)C(C)C,True,,,
468,14,CCC[N+](CCC)(CCC)CC(C)CC,CCC[N+](CCC)(CCC)CC(C)CC,True,,,
469,14,CCC[N+](CCC)(CCC)CCC(C)C,CCC[N+](CCC)(CCC)CCC(C)C,True,,,
470,14,CC[N+](C(C)(C)C)(C(C)(C)C)C(C)(C)C,CC[N+](C(C)(C)C)(C(C)(C)C)C(C)(C)C,True,,,
471,14,CC[N+](CC(C)C)(C(C)(C)C)C(C)(C)C,CC[N+](CC(C)C)(C(C)(C)C)C(C)(C)C,True,,,
472,14,CC[N+](CC(C)C)(CC(C)C)C(C)(C)C,CC[N+](CC(C)C)(CC(C)C)C(C)(C)C,True,,,
473,14,CC[N+](CC(C)C)(CC(C)C)CC(C)C,CC[N+](CC(C)C)(CC(C)C)CC(C)C,True,117974310.0,ethyl-tris(2-methylpropyl)azanium,214.41
474,14,CC[N+](CC)(CCC(C)C)CCC(C)C,CC[N+](CC)(CCC(C)C)CCC(C)C,True,,,
475,14,CC[N+](CCC(C)C)(C(C)C)C(C)(C)C,CC[N+](CCC(C)C)(C(C)C)C(C)(C)C,True,,,
476,14,CC[N+](CCC(C)C)(CC(C)C)C(C)C,CC[N+](CCC(C)C)(CC(C)C)C(C)C,True,,,
477,15,CC(C)CC[N+](C(C)C)(C(C)C)C(C)(C)C,CC(C)CC[N+](C(C)C)(C(C)C)C(C)(C)C,True,,,
478,15,CC(C)CC[N+](C)(CCC(C)C)C(C)(C)C,CC(C)CC[N+](C)(CCC(C)C)C(C)(C)C,True,,,
479,15,CC(C)CC[N+](C)(CCC(C)C)CC(C)C,CC(C)CC[N+](C)(CCC(C)C)CC(C)C,True,,,
480,15,CC(C)CC[N+](CC(C)C)(C(C)C)C(C)C,CC(C)CC[N+](CC(C)C)(C(C)C)C(C)C,True,,,
481,15,CC(C)C[N+](C(C)C)(C(C)(C)C)C(C)(C)C,CC(C)C[N+](C(C)C)(C(C)(C)C)C(C)(C)C,True,,,
482,15,CC(C)C[N+](CC(C)C)(C(C)C)C(C)(C)C,CC(C)C[N+](CC(C)C)(C(C)C)C(C)(C)C,True,,,
483,15,CC(C)C[N+](CC(C)C)(CC(C)C)C(C)C,CC(C)C[N+](CC(C)C)(CC(C)C)C(C)C,True,,,
484,15,CC(C)[N+](C(C)(C)C)(C(C)(C)C)C(C)(C)C,CC(C)[N+](C(C)(C)C)(C(C)(C)C)C(C)(C)C,True,,,
485,15,CCC(C)C[N+](C(C)C)(C(C)C)C(C)(C)C,CCC(C)C[N+](C(C)C)(C(C)C)C(C)(C)C,True,,,
486,15,CCC(C)C[N+](C)(CC(C)C)CC(C)CC,CCC(C)C[N+](C)(CC(C)C)CC(C)CC,True,,,
487,15,CCC(C)C[N+](C)(CC(C)CC)C(C)(C)C,CCC(C)C[N+](C)(CC(C)CC)C(C)(C)C,True,,,
488,15,CCC(C)C[N+](C)(CCC(C)C)C(C)(C)C,CCC(C)C[N+](C)(CCC(C)C)C(C)(C)C,True,,,
489,15,CCC(C)C[N+](C)(CCC(C)C)CC(C)C,CCC(C)C[N+](C)(CCC(C)C)CC(C)C,True,,,
490,15,CCC(C)C[N+](CC(C)C)(C(C)C)C(C)C,CCC(C)C[N+](CC(C)C)(C(C)C)C(C)C,True,,,
491,15,CCC(C)C[N+](CC)(C(C)(C)C)C(C)(C)C,CCC(C)C[N+](CC)(C(C)(C)C)C(C)(C)C,True,,,
492,15,CCC(C)C[N+](CC)(CC(C)C)C(C)(C)C,CCC(C)C[N+](CC)(CC(C)C)C(C)(C)C,True,,,
493,15,CCC(C)C[N+](CC)(CC(C)C)CC(C)C,CCC(C)C[N+](CC)(CC(C)C)CC(C)C,True,,,
494,15,CCC(C)C[N+](CC)(CC(C)CC)C(C)C,CCC(C)C[N+](CC)(CC(C)CC)C(C)C,True,,,
495,15,CCC(C)C[N+](CC)(CCC(C)C)C(C)C,CCC(C)C[N+](CC)(CCC(C)C)C(C)C,True,,,
496,15,CCCC(C)[N+](C(C)C)(C(C)C)C(C)(C)C,CCCC(C)[N+](C(C)C)(C(C)C)C(C)(C)C,True,,,
497,15,CCCC(C)[N+](C)(C(C)CCC)C(C)(C)C,CCCC(C)[N+](C)(C(C)CCC)C(C)(C)C,True,,,
498,15,CCCC(C)[N+](C)(CC(C)C)C(C)CCC,CCCC(C)[N+](C)(CC(C)C)C(C)CCC,True,,,
499,15,CCCC(C)[N+](C)(CC(C)C)CC(C)CC,CCCC(C)[N+](C)(CC(C)C)CC(C)CC,True,,,
500,15,CCCC(C)[N+](C)(CC(C)CC)C(C)(C)C,CCCC(C)[N+](C)(CC(C)CC)C(C)(C)C,True,,,
501,15,CCCC(C)[N+](C)(CCC(C)C)C(C)(C)C,CCCC(C)[N+](C)(CCC(C)C)C(C)(C)C,True,,,
502,15,CCCC(C)[N+](C)(CCC(C)C)CC(C)C,CCCC(C)[N+](C)(CCC(C)C)CC(C)C,True,,,
503,15,CCCC(C)[N+](CC(C)C)(C(C)C)C(C)C,CCCC(C)[N+](CC(C)C)(C(C)C)C(C)C,True,,,
504,15,CCCC(C)[N+](CC)(C(C)(C)C)C(C)(C)C,CCCC(C)[N+](CC)(C(C)(C)C)C(C)(C)C,True,,,
505,15,CCCC(C)[N+](CC)(C(C)C)C(C)CCC,CCCC(C)[N+](CC)(C(C)C)C(C)CCC,True,,,
506,15,CCCC(C)[N+](CC)(CC(C)C)C(C)(C)C,CCCC(C)[N+](CC)(CC(C)C)C(C)(C)C,True,,,
507,15,CCCC(C)[N+](CC)(CC(C)C)CC(C)C,CCCC(C)[N+](CC)(CC(C)C)CC(C)C,True,,,
508,15,CCCC(C)[N+](CC)(CC(C)CC)C(C)C,CCCC(C)[N+](CC)(CC(C)CC)C(C)C,True,,,
509,15,CCCC(C)[N+](CC)(CCC(C)C)C(C)C,CCCC(C)[N+](CC)(CCC(C)C)C(C)C,True,,,
510,15,CCCC(C)[N+](CC)(CCC)C(C)CCC,CCCC(C)[N+](CC)(CCC)C(C)CCC,True,,,
511,15,CCCC(C)[N+](CC)(CCC)CC(C)CC,CCCC(C)[N+](CC)(CCC)CC(C)CC,True,,,
512,15,CCCC(C)[N+](CC)(CCC)CCC(C)C,CCCC(C)[N+](CC)(CCC)CCC(C)C,True,,,
513,15,CCCC(C)[N+](CCC)(C(C)C)C(C)(C)C,CCCC(C)[N+](CCC)(C(C)C)C(C)(C)C,True,,,
514,15,CCCC(C)[N+](CCC)(CC(C)C)C(C)C,CCCC(C)[N+](CCC)(CC(C)C)C(C)C,True,,,
515,15,CCCC(C)[N+](CCC)(CCC)C(C)(C)C,CCCC(C)[N+](CCC)(CCC)C(C)(C)C,True,,,
516,15,CCCC(C)[N+](CCC)(CCC)CC(C)C,CCCC(C)[N+](CCC)(CCC)CC(C)C,True,,,
517,15,CCCCCCC[N+](C)(C(C)C)C(C)(C)C,CCCCCCC[N+](C)(C(C)C)C(C)(C)C,True,,,
518,15,CCCCCCC[N+](C)(C)CCCCCC,CCCCCCC[N+](C)(C)CCCCCC,True,23094264.0,heptyl-hexyl-dimethylazanium,228.44
519,15,CCCCCCC[N+](C)(CC(C)C)C(C)C,CCCCCCC[N+](C)(CC(C)C)C(C)C,True,,,
520,15,CCCCCCC[N+](C)(CC)C(C)CCC,CCCCCCC[N+](C)(CC)C(C)CCC,True,,,
521,15,CCCCCCC[N+](C)(CC)CC(C)CC,CCCCCCC[N+](C)(CC)CC(C)CC,True,,,
522,15,CCCCCCC[N+](C)(CC)CCC(C)C,CCCCCCC[N+](C)(CC)CCC(C)C,True,,,
523,15,CCCCCCC[N+](C)(CC)CCCCC,CCCCCCC[N+](C)(CC)CCCCC,True,,,
524,15,CCCCCCC[N+](C)(CCC)C(C)(C)C,CCCCCCC[N+](C)(CCC)C(C)(C)C,True,,,
525,15,CCCCCCC[N+](C)(CCC)CC(C)C,CCCCCCC[N+](C)(CCC)CC(C)C,True,,,
526,15,CCCCCCC[N+](C)(CCC)CCCC,CCCCCCC[N+](C)(CCC)CCCC,True,,,
527,15,CCCCCCC[N+](C)(CCCC)C(C)C,CCCCCCC[N+](C)(CCCC)C(C)C,True,,,
528,15,CCCCCCC[N+](CC)(C(C)C)C(C)C,CCCCCCC[N+](CC)(C(C)C)C(C)C,True,87089389.0,ethyl-heptyl-di(propan-2-yl)azanium,228.44
529,15,CCCCCCC[N+](CC)(CC)C(C)(C)C,CCCCCCC[N+](CC)(CC)C(C)(C)C,True,,,
530,15,CCCCCCC[N+](CC)(CC)CC(C)C,CCCCCCC[N+](CC)(CC)CC(C)C,True,,,
531,15,CCCCCCC[N+](CC)(CC)CCCC,CCCCCCC[N+](CC)(CC)CCCC,True,87526431.0,butyl-diethyl-heptylazanium,228.44
532,15,CCCCCCC[N+](CC)(CCC)C(C)C,CCCCCCC[N+](CC)(CCC)C(C)C,True,,,
533,15,CCCCCCC[N+](CC)(CCC)CCC,CCCCCCC[N+](CC)(CCC)CCC,True,87089434.0,ethyl-heptyl-dipropylazanium,228.44
534,15,CCCCCC[N+](C(C)C)(C(C)C)C(C)C,CCCCCC[N+](C(C)C)(C(C)C)C(C)C,True,87812233.0,hexyl-tri(propan-2-yl)azanium,228.44
535,15,CCCCCC[N+](C)(C(C)(C)C)C(C)(C)C,CCCCCC[N+](C)(C(C)(C)C)C(C)(C)C,True,,,
536,15,CCCCCC[N+](C)(C(C)C)C(C)CCC,CCCCCC[N+](C)(C(C)C)C(C)CCC,True,,,
537,15,CCCCCC[N+](C)(CC(C)C)C(C)(C)C,CCCCCC[N+](C)(CC(C)C)C(C)(C)C,True,,,
538,15,CCCCCC[N+](C)(CC(C)C)CC(C)C,CCCCCC[N+](C)(CC(C)C)CC(C)C,True,176583041.0,hexyl-methyl-bis(2-methylpropyl)azanium,228.44
539,15,CCCCCC[N+](C)(CC(C)CC)C(C)C,CCCCCC[N+](C)(CC(C)CC)C(C)C,True,,,
540,15,CCCCCC[N+](C)(CC)CCCCCC,CCCCCC[N+](C)(CC)CCCCCC,True,87507678.0,ethyl-dihexyl-methylazanium,228.44
541,15,CCCCCC[N+](C)(CCC(C)C)C(C)C,CCCCCC[N+](C)(CCC(C)C)C(C)C,True,,,
542,15,CCCCCC[N+](C)(CCC)C(C)CCC,CCCCCC[N+](C)(CCC)C(C)CCC,True,,,
543,15,CCCCCC[N+](C)(CCC)CC(C)CC,CCCCCC[N+](C)(CCC)CC(C)CC,True,,,
544,15,CCCCCC[N+](C)(CCC)CCC(C)C,CCCCCC[N+](C)(CCC)CCC(C)C,True,,,
545,15,CCCCCC[N+](C)(CCC)CCCCC,CCCCCC[N+](C)(CCC)CCCCC,True,87507746.0,hexyl-methyl-pentyl-propylazanium,228.44
546,15,CCCCCC[N+](C)(CCCC)C(C)(C)C,CCCCCC[N+](C)(CCCC)C(C)(C)C,True,,,
547,15,CCCCCC[N+](C)(CCCC)CC(C)C,CCCCCC[N+](C)(CCCC)CC(C)C,True,,,
548,15,CCCCCC[N+](C)(CCCC)CCCC,CCCCCC[N+](C)(CCCC)CCCC,True,23088868.0,dibutyl-hexyl-methylazanium,228.44
549,15,CCCCCC[N+](C)(CCCCC)C(C)C,CCCCCC[N+](C)(CCCCC)C(C)C,True,153791259.0,hexyl-methyl-pentyl-propan-2-ylazanium,228.44
550,15,CCCCCC[N+](CC)(C(C)C)C(C)(C)C,CCCCCC[N+](CC)(C(C)C)C(C)(C)C,True,,,
551,15,CCCCCC[N+](CC)(CC(C)C)C(C)C,CCCCCC[N+](CC)(CC(C)C)C(C)C,True,,,
552,15,CCCCCC[N+](CC)(CC)C(C)CCC,CCCCCC[N+](CC)(CC)C(C)CCC,True,,,
553,15,CCCCCC[N+](CC)(CC)CC(C)CC,CCCCCC[N+](CC)(CC)CC(C)CC,True,,,
554,15,CCCCCC[N+](CC)(CC)CCC(C)C,CCCCCC[N+](CC)(CC)CCC(C)C,True,,,
555,15,CCCCCC[N+](CC)(CC)CCCCC,CCCCCC[N+](CC)(CC)CCCCC,True,175075511.0,diethyl-hexyl-pentylazanium,228.44
556,15,CCCCCC[N+](CC)(CCC)C(C)(C)C,CCCCCC[N+](CC)(CCC)C(C)(C)C,True,,,
557,15,CCCCCC[N+](CC)(CCC)CC(C)C,CCCCCC[N+](CC)(CCC)CC(C)C,True,,,
558,15,CCCCCC[N+](CC)(CCC)CCCC,CCCCCC[N+](CC)(CCC)CCCC,True,153959333.0,butyl-ethyl-hexyl-propylazanium,228.44
559,15,CCCCCC[N+](CC)(CCCC)C(C)C,CCCCCC[N+](CC)(CCCC)C(C)C,True,,,
560,15,CCCCCC[N+](CCC)(C(C)C)C(C)C,CCCCCC[N+](CCC)(C(C)C)C(C)C,True,,,
561,15,CCCCCC[N+](CCC)(CCC)C(C)C,CCCCCC[N+](CCC)(CCC)C(C)C,True,,,
562,15,CCCCCC[N+](CCC)(CCC)CCC,CCCCCC[N+](CCC)(CCC)CCC,True,20376280.0,hexyl(tripropyl)azanium,228.44
563,15,CCCCC[N+](C(C)C)(C(C)C)C(C)(C)C,CCCCC[N+](C(C)C)(C(C)C)C(C)(C)C,True,,,
564,15,CCCCC[N+](C)(C(C)CCC)C(C)(C)C,CCCCC[N+](C)(C(C)CCC)C(C)(C)C,True,,,
565,15,CCCCC[N+](C)(CC(C)C)C(C)CCC,CCCCC[N+](C)(CC(C)C)C(C)CCC,True,,,
566,15,CCCCC[N+](C)(CC(C)C)CC(C)CC,CCCCC[N+](C)(CC(C)C)CC(C)CC,True,,,
567,15,CCCCC[N+](C)(CC(C)CC)C(C)(C)C,CCCCC[N+](C)(CC(C)CC)C(C)(C)C,True,,,
568,15,CCCCC[N+](C)(CCC(C)C)C(C)(C)C,CCCCC[N+](C)(CCC(C)C)C(C)(C)C,True,,,
569,15,CCCCC[N+](C)(CCC(C)C)CC(C)C,CCCCC[N+](C)(CCC(C)C)CC(C)C,True,,,
570,15,CCCCC[N+](C)(CCCC)C(C)CCC,CCCCC[N+](C)(CCCC)C(C)CCC,True,,,
571,15,CCCCC[N+](C)(CCCC)CC(C)CC,CCCCC[N+](C)(CCCC)CC(C)CC,True,,,
572,15,CCCCC[N+](C)(CCCC)CCC(C)C,CCCCC[N+](C)(CCCC)CCC(C)C,True,,,
573,15,CCCCC[N+](C)(CCCC)CCCCC,CCCCC[N+](C)(CCCC)CCCCC,True,54255437.0,butyl-methyl-dipentylazanium,228.44
574,15,CCCCC[N+](C)(CCCCC)C(C)(C)C,CCCCC[N+](C)(CCCCC)C(C)(C)C,True,,,
575,15,CCCCC[N+](C)(CCCCC)CC(C)C,CCCCC[N+](C)(CCCCC)CC(C)C,True,,,
576,15,CCCCC[N+](CC(C)C)(C(C)C)C(C)C,CCCCC[N+](CC(C)C)(C(C)C)C(C)C,True,,,
577,15,CCCCC[N+](CC)(C(C)(C)C)C(C)(C)C,CCCCC[N+](CC)(C(C)(C)C)C(C)(C)C,True,,,
578,15,CCCCC[N+](CC)(C(C)C)C(C)CCC,CCCCC[N+](CC)(C(C)C)C(C)CCC,True,,,
579,15,CCCCC[N+](CC)(CC(C)C)C(C)(C)C,CCCCC[N+](CC)(CC(C)C)C(C)(C)C,True,,,
580,15,CCCCC[N+](CC)(CC(C)C)CC(C)C,CCCCC[N+](CC)(CC(C)C)CC(C)C,True,,,
581,15,CCCCC[N+](CC)(CC(C)CC)C(C)C,CCCCC[N+](CC)(CC(C)CC)C(C)C,True,,,
582,15,CCCCC[N+](CC)(CCC(C)C)C(C)C,CCCCC[N+](CC)(CCC(C)C)C(C)C,True,,,
583,15,CCCCC[N+](CC)(CCC)C(C)CCC,CCCCC[N+](CC)(CCC)C(C)CCC,True,,,
584,15,CCCCC[N+](CC)(CCC)CC(C)CC,CCCCC[N+](CC)(CCC)CC(C)CC,True,,,
585,15,CCCCC[N+](CC)(CCC)CCC(C)C,CCCCC[N+](CC)(CCC)CCC(C)C,True,,,
586,15,CCCCC[N+](CC)(CCC)CCCCC,CCCCC[N+](CC)(CCC)CCCCC,True,118020676.0,ethyl-dipentyl-propylazanium,228.44
587,15,CCCCC[N+](CC)(CCCC)C(C)(C)C,CCCCC[N+](CC)(CCCC)C(C)(C)C,True,,,
588,15,CCCCC[N+](CC)(CCCC)CC(C)C,CCCCC[N+](CC)(CCCC)CC(C)C,True,,,
589,15,CCCCC[N+](CC)(CCCC)CCCC,CCCCC[N+](CC)(CCCC)CCCC,True,118020723.0,dibutyl-ethyl-pentylazanium,228.44
590,15,CCCCC[N+](CC)(CCCCC)C(C)C,CCCCC[N+](CC)(CCCCC)C(C)C,True,,,
591,15,CCCCC[N+](CCC)(C(C)C)C(C)(C)C,CCCCC[N+](CCC)(C(C)C)C(C)(C)C,True,,,
592,15,CCCCC[N+](CCC)(CC(C)C)C(C)C,CCCCC[N+](CCC)(CC(C)C)C(C)C,True,,,
593,15,CCCCC[N+](CCC)(CCC)C(C)(C)C,CCCCC[N+](CCC)(CCC)C(C)(C)C,True,,,
594,15,CCCCC[N+](CCC)(CCC)CC(C)C,CCCCC[N+](CCC)(CCC)CC(C)C,True,,,
595,15,CCCCC[N+](CCC)(CCC)CCCC,CCCCC[N+](CCC)(CCC)CCCC,True,87492071.0,butyl-pentyl-dipropylazanium,228.44
596,15,CCCCC[N+](CCC)(CCCC)C(C)C,CCCCC[N+](CCC)(CCCC)C(C)C,True,,,
597,15,CCCCC[N+](CCCC)(C(C)C)C(C)C,CCCCC[N+](CCCC)(C(C)C)C(C)C,True,,,
598,15,CCCC[N+](C(C)C)(C(C)(C)C)C(C)(C)C,CCCC[N+](C(C)C)(C(C)(C)C)C(C)(C)C,True,,,
599,15,CCCC[N+](C(C)C)(C(C)C)C(C)CCC,CCCC[N+](C(C)C)(C(C)C)C(C)CCC,True,,,
600,15,CCCC[N+](C)(C(C)CCC)C(C)CCC,CCCC[N+](C)(C(C)CCC)C(C)CCC,True,,,
601,15,CCCC[N+](C)(CC(C)CC)C(C)CCC,CCCC[N+](C)(CC(C)CC)C(C)CCC,True,,,
602,15,CCCC[N+](C)(CC(C)CC)CC(C)CC,CCCC[N+](C)(CC(C)CC)CC(C)CC,True,,,
603,15,CCCC[N+](C)(CCC(C)C)C(C)CCC,CCCC[N+](C)(CCC(C)C)C(C)CCC,True,,,
604,15,CCCC[N+](C)(CCC(C)C)CC(C)CC,CCCC[N+](C)(CCC(C)C)CC(C)CC,True,,,
605,15,CCCC[N+](C)(CCC(C)C)CCC(C)C,CCCC[N+](C)(CCC(C)C)CCC(C)C,True,,,
606,15,CCCC[N+](CC(C)C)(C(C)C)C(C)(C)C,CCCC[N+](CC(C)C)(C(C)C)C(C)(C)C,True,,,
607,15,CCCC[N+](CC(C)C)(CC(C)C)C(C)C,CCCC[N+](CC(C)C)(CC(C)C)C(C)C,True,,,
608,15,CCCC[N+](CC(C)CC)(C(C)C)C(C)C,CCCC[N+](CC(C)CC)(C(C)C)C(C)C,True,,,
609,15,CCCC[N+](CC)(C(C)CCC)C(C)(C)C,CCCC[N+](CC)(C(C)CCC)C(C)(C)C,True,,,
610,15,CCCC[N+](CC)(CC(C)C)C(C)CCC,CCCC[N+](CC)(CC(C)C)C(C)CCC,True,,,
611,15,CCCC[N+](CC)(CC(C)C)CC(C)CC,CCCC[N+](CC)(CC(C)C)CC(C)CC,True,,,
612,15,CCCC[N+](CC)(CC(C)CC)C(C)(C)C,CCCC[N+](CC)(CC(C)CC)C(C)(C)C,True,,,
613,15,CCCC[N+](CC)(CCC(C)C)C(C)(C)C,CCCC[N+](CC)(CCC(C)C)C(C)(C)C,True,,,
614,15,CCCC[N+](CC)(CCC(C)C)CC(C)C,CCCC[N+](CC)(CCC(C)C)CC(C)C,True,,,
615,15,CCCC[N+](CC)(CCCC)C(C)CCC,CCCC[N+](CC)(CCCC)C(C)CCC,True,,,
616,15,CCCC[N+](CC)(CCCC)CC(C)CC,CCCC[N+](CC)(CCCC)CC(C)CC,True,,,
617,15,CCCC[N+](CC)(CCCC)CCC(C)C,CCCC[N+](CC)(CCCC)CCC(C)C,True,,,
618,15,CCCC[N+](CCC(C)C)(C(C)C)C(C)C,CCCC[N+](CCC(C)C)(C(C)C)C(C)C,True,,,
619,15,CCCC[N+](CCC)(C(C)(C)C)C(C)(C)C,CCCC[N+](CCC)(C(C)(C)C)C(C)(C)C,True,,,
620,15,CCCC[N+](CCC)(C(C)C)C(C)CCC,CCCC[N+](CCC)(C(C)C)C(C)CCC,True,,,
621,15,CCCC[N+](CCC)(CC(C)C)C(C)(C)C,CCCC[N+](CCC)(CC(C)C)C(C)(C)C,True,,,
622,15,CCCC[N+](CCC)(CC(C)C)CC(C)C,CCCC[N+](CCC)(CC(C)C)CC(C)C,True,,,
623,15,CCCC[N+](CCC)(CC(C)CC)C(C)C,CCCC[N+](CCC)(CC(C)CC)C(C)C,True,,,
624,15,CCCC[N+](CCC)(CCC(C)C)C(C)C,CCCC[N+](CCC)(CCC(C)C)C(C)C,True,,,
625,15,CCCC[N+](CCC)(CCC)C(C)CCC,CCCC[N+](CCC)(CCC)C(C)CCC,True,,,
626,15,CCCC[N+](CCC)(CCC)CC(C)CC,CCCC[N+](CCC)(CCC)CC(C)CC,True,,,
627,15,CCCC[N+](CCC)(CCC)CCC(C)C,CCCC[N+](CCC)(CCC)CCC(C)C,True,,,
628,15,CCCC[N+](CCC)(CCCC)C(C)(C)C,CCCC[N+](CCC)(CCCC)C(C)(C)C,True,,,
629,15,CCCC[N+](CCC)(CCCC)CC(C)C,CCCC[N+](CCC)(CCCC)CC(C)C,True,148152475.0,dibutyl-(2-methylpropyl)-propylazanium,228.44
630,15,CCCC[N+](CCC)(CCCC)CCCC,CCCC[N+](CCC)(CCCC)CCCC,True,5248503.0,tributyl(propyl)azanium,228.44
631,15,CCCC[N+](CCCC)(C(C)C)C(C)(C)C,CCCC[N+](CCCC)(C(C)C)C(C)(C)C,True,,,
632,15,CCCC[N+](CCCC)(CC(C)C)C(C)C,CCCC[N+](CCCC)(CC(C)C)C(C)C,True,,,
633,15,CCCC[N+](CCCC)(CCCC)C(C)C,CCCC[N+](CCCC)(CCCC)C(C)C,True,87639431.0,tributyl(propan-2-yl)azanium,228.44
634,15,CCC[N+](C(C)(C)C)(C(C)(C)C)C(C)(C)C,CCC[N+](C(C)(C)C)(C(C)(C)C)C(C)(C)C,True,,,
635,15,CCC[N+](CC(C)C)(C(C)(C)C)C(C)(C)C,CCC[N+](CC(C)C)(C(C)(C)C)C(C)(C)C,True,,,
636,15,CCC[N+](CC(C)C)(CC(C)C)C(C)(C)C,CCC[N+](CC(C)C)(CC(C)C)C(C)(C)C,True,,,
637,15,CCC[N+](CC(C)C)(CC(C)C)CC(C)C,CCC[N+](CC(C)C)(CC(C)C)CC(C)C,True,,,
638,15,CCC[N+](CC(C)C)(CC(C)CC)C(C)C,CCC[N+](CC(C)C)(CC(C)CC)C(C)C,True,,,
639,15,CCC[N+](CC(C)CC)(C(C)C)C(C)(C)C,CCC[N+](CC(C)CC)(C(C)C)C(C)(C)C,True,,,
640,15,CCC[N+](CC)(CC(C)CC)CC(C)CC,CCC[N+](CC)(CC(C)CC)CC(C)CC,True,,,
641,15,CCC[N+](CC)(CCC(C)C)CC(C)CC,CCC[N+](CC)(CCC(C)C)CC(C)CC,True,,,
642,15,CCC[N+](CC)(CCC(C)C)CCC(C)C,CCC[N+](CC)(CCC(C)C)CCC(C)C,True,,,
643,15,CCC[N+](CCC(C)C)(C(C)C)C(C)(C)C,CCC[N+](CCC(C)C)(C(C)C)C(C)(C)C,True,,,
644,15,CCC[N+](CCC(C)C)(CC(C)C)C(C)C,CCC[N+](CCC(C)C)(CC(C)C)C(C)C,True,,,
645,15,CCC[N+](CCC)(CC(C)C)CC(C)CC,CCC[N+](CCC)(CC(C)C)CC(C)CC,True,,,
646,15,CCC[N+](CCC)(CC(C)CC)C(C)(C)C,CCC[N+](CCC)(CC(C)CC)C(C)(C)C,True,,,
647,15,CCC[N+](CCC)(CCC(C)C)C(C)(C)C,CCC[N+](CCC)(CCC(C)C)C(C)(C)C,True,,,
648,15,CCC[N+](CCC)(CCC(C)C)CC(C)C,CCC[N+](CCC)(CCC(C)C)CC(C)C,True,,,
649,15,CC[N+](CCC(C)C)(C(C)(C)C)C(C)(C)C,CC[N+](CCC(C)C)(C(C)(C)C)C(C)(C)C,True,,,
650,15,CC[N+](CCC(C)C)(CC(C)C)C(C)(C)C,CC[N+](CCC(C)C)(CC(C)C)C(C)(C)C,True,,,
651,15,CC[N+](CCC(C)C)(CC(C)C)CC(C)C,CC[N+](CCC(C)C)(CC(C)C)CC(C)C,True,,,
652,15,CC[N+](CCC(C)C)(CCC(C)C)C(C)C,CC[N+](CCC(C)C)(CCC(C)C)C(C)C,True,,,
653,16,CC(C)(C)[N+](C(C)(C)C)(C(C)(C)C)C(C)(C)C,CC(C)(C)[N+](C(C)(C)C)(C(C)(C)C)C(C)(C)C,True,3249325.0,tetratert-butylazanium,242.46
654,16,CC(C)CC[N+](C(C)C)(C(C)(C)C)C(C)(C)C,CC(C)CC[N+](C(C)C)(C(C)(C)C)C(C)(C)C,True,,,
655,16,CC(C)CC[N+](C)(CCC(C)C)CCC(C)C,CC(C)CC[N+](C)(CCC(C)C)CCC(C)C,True,59019034.0,methyl-tris(3-methylbutyl)azanium,242.46
656,16,CC(C)CC[N+](CC(C)C)(C(C)C)C(C)(C)C,CC(C)CC[N+](CC(C)C)(C(C)C)C(C)(C)C,True,,,
657,16,CC(C)CC[N+](CC(C)C)(CC(C)C)C(C)C,CC(C)CC[N+](CC(C)C)(CC(C)C)C(C)C,True,,,
658,16,CC(C)CC[N+](CCC(C)C)(C(C)C)C(C)C,CC(C)CC[N+](CCC(C)C)(C(C)C)C(C)C,True,,,
659,16,CC(C)C[N+](C(C)(C)C)(C(C)(C)C)C(C)(C)C,CC(C)C[N+](C(C)(C)C)(C(C)(C)C)C(C)(C)C,True,,,
660,16,CC(C)C[N+](CC(C)C)(C(C)(C)C)C(C)(C)C,CC(C)C[N+](CC(C)C)(C(C)(C)C)C(C)(C)C,True,,,
661,16,CC(C)C[N+](CC(C)C)(CC(C)C)C(C)(C)C,CC(C)C[N+](CC(C)C)(CC(C)C)C(C)(C)C,True,,,
662,16,CC(C)C[N+](CC(C)C)(CC(C)C)CC(C)C,CC(C)C[N+](CC(C)C)(CC(C)C)CC(C)C,True,13726126.0,tetrakis(2-methylpropyl)azanium,242.46
663,16,CCC(C)C[N+](C(C)C)(C(C)(C)C)C(C)(C)C,CCC(C)C[N+](C(C)C)(C(C)(C)C)C(C)(C)C,True,,,
664,16,CCC(C)C[N+](C)(CC(C)CC)CC(C)CC,CCC(C)C[N+](C)(CC(C)CC)CC(C)CC,True,,,
665,16,CCC(C)C[N+](C)(CCC(C)C)CC(C)CC,CCC(C)C[N+](C)(CCC(C)C)CC(C)CC,True,,,
666,16,CCC(C)C[N+](C)(CCC(C)C)CCC(C)C,CCC(C)C[N+](C)(CCC(C)C)CCC(C)C,True,,,
667,16,CCC(C)C[N+](CC(C)C)(C(C)C)C(C)(C)C,CCC(C)C[N+](CC(C)C)(C(C)C)C(C)(C)C,True,,,
668,16,CCC(C)C[N+](CC(C)C)(CC(C)C)C(C)C,CCC(C)C[N+](CC(C)C)(CC(C)C)C(C)C,True,,,
669,16,CCC(C)C[N+](CC(C)CC)(C(C)C)C(C)C,CCC(C)C[N+](CC(C)CC)(C(C)C)C(C)C,True,,,
670,16,CCC(C)C[N+](CC)(CC(C)C)CC(C)CC,CCC(C)C[N+](CC)(CC(C)C)CC(C)CC,True,,,
671,16,CCC(C)C[N+](CC)(CC(C)CC)C(C)(C)C,CCC(C)C[N+](CC)(CC(C)CC)C(C)(C)C,True,,,
672,16,CCC(C)C[N+](CC)(CCC(C)C)C(C)(C)C,CCC(C)C[N+](CC)(CCC(C)C)C(C)(C)C,True,,,
673,16,CCC(C)C[N+](CC)(CCC(C)C)CC(C)C,CCC(C)C[N+](CC)(CCC(C)C)CC(C)C,True,,,
674,16,CCC(C)C[N+](CCC(C)C)(C(C)C)C(C)C,CCC(C)C[N+](CCC(C)C)(C(C)C)C(C)C,True,,,
675,16,CCCC(C)[N+](C(C)C)(C(C)(C)C)C(C)(C)C,CCCC(C)[N+](C(C)C)(C(C)(C)C)C(C)(C)C,True,,,
676,16,CCCC(C)[N+](C(C)C)(C(C)C)C(C)CCC,CCCC(C)[N+](C(C)C)(C(C)C)C(C)CCC,True,,,
677,16,CCCC(C)[N+](C)(C(C)CCC)C(C)CCC,CCCC(C)[N+](C)(C(C)CCC)C(C)CCC,True,,,
678,16,CCCC(C)[N+](C)(CC(C)CC)C(C)CCC,CCCC(C)[N+](C)(CC(C)CC)C(C)CCC,True,,,
679,16,CCCC(C)[N+](C)(CC(C)CC)CC(C)CC,CCCC(C)[N+](C)(CC(C)CC)CC(C)CC,True,,,
680,16,CCCC(C)[N+](C)(CCC(C)C)C(C)CCC,CCCC(C)[N+](C)(CCC(C)C)C(C)CCC,True,,,
681,16,CCCC(C)[N+](C)(CCC(C)C)CC(C)CC,CCCC(C)[N+](C)(CCC(C)C)CC(C)CC,True,,,
682,16,CCCC(C)[N+](C)(CCC(C)C)CCC(C)C,CCCC(C)[N+](C)(CCC(C)C)CCC(C)C,True,,,
683,16,CCCC(C)[N+](CC(C)C)(C(C)C)C(C)(C)C,CCCC(C)[N+](CC(C)C)(C(C)C)C(C)(C)C,True,,,
684,16,CCCC(C)[N+](CC(C)C)(CC(C)C)C(C)C,CCCC(C)[N+](CC(C)C)(CC(C)C)C(C)C,True,,,
685,16,CCCC(C)[N+](CC(C)CC)(C(C)C)C(C)C,CCCC(C)[N+](CC(C)CC)(C(C)C)C(C)C,True,,,
686,16,CCCC(C)[N+](CC)(C(C)CCC)C(C)(C)C,CCCC(C)[N+](CC)(C(C)CCC)C(C)(C)C,True,,,
687,16,CCCC(C)[N+](CC)(CC(C)C)C(C)CCC,CCCC(C)[N+](CC)(CC(C)C)C(C)CCC,True,,,
688,16,CCCC(C)[N+](CC)(CC(C)C)CC(C)CC,CCCC(C)[N+](CC)(CC(C)C)CC(C)CC,True,,,
689,16,CCCC(C)[N+](CC)(CC(C)CC)C(C)(C)C,CCCC(C)[N+](CC)(CC(C)CC)C(C)(C)C,True,,,
690,16,CCCC(C)[N+](CC)(CCC(C)C)C(C)(C)C,CCCC(C)[N+](CC)(CCC(C)C)C(C)(C)C,True,,,
691,16,CCCC(C)[N+](CC)(CCC(C)C)CC(C)C,CCCC(C)[N+](CC)(CCC(C)C)CC(C)C,True,,,
692,16,CCCC(C)[N+](CCC(C)C)(C(C)C)C(C)C,CCCC(C)[N+](CCC(C)C)(C(C)C)C(C)C,True,,,
693,16,CCCC(C)[N+](CCC)(C(C)(C)C)C(C)(C)C,CCCC(C)[N+](CCC)(C(C)(C)C)C(C)(C)C,True,,,
694,16,CCCC(C)[N+](CCC)(C(C)C)C(C)CCC,CCCC(C)[N+](CCC)(C(C)C)C(C)CCC,True,,,
695,16,CCCC(C)[N+](CCC)(CC(C)C)C(C)(C)C,CCCC(C)[N+](CCC)(CC(C)C)C(C)(C)C,True,,,
696,16,CCCC(C)[N+](CCC)(CC(C)C)CC(C)C,CCCC(C)[N+](CCC)(CC(C)C)CC(C)C,True,,,
697,16,CCCC(C)[N+](CCC)(CC(C)CC)C(C)C,CCCC(C)[N+](CCC)(CC(C)CC)C(C)C,True,,,
698,16,CCCC(C)[N+](CCC)(CCC(C)C)C(C)C,CCCC(C)[N+](CCC)(CCC(C)C)C(C)C,True,,,
699,16,CCCC(C)[N+](CCC)(CCC)C(C)CCC,CCCC(C)[N+](CCC)(CCC)C(C)CCC,True,,,
700,16,CCCC(C)[N+](CCC)(CCC)CC(C)CC,CCCC(C)[N+](CCC)(CCC)CC(C)CC,True,,,
701,16,CCCC(C)[N+](CCC)(CCC)CCC(C)C,CCCC(C)[N+](CCC)(CCC)CCC(C)C,True,,,
702,16,CCCCCCC[N+](C(C)C)(C(C)C)C(C)C,CCCCCCC[N+](C(C)C)(C(C)C)C(C)C,True,87811107.0,heptyl-tri(propan-2-yl)azanium,242.46
703,16,CCCCCCC[N+](C)(C(C)(C)C)C(C)(C)C,CCCCCCC[N+](C)(C(C)(C)C)C(C)(C)C,True,,,
704,16,CCCCCCC[N+](C)(C(C)C)C(C)CCC,CCCCCCC[N+](C)(C(C)C)C(C)CCC,True,,,
705,16,CCCCCCC[N+](C)(C)CCCCCCC,CCCCCCC[N+](C)(C)CCCCCCC,True,17912687.0,diheptyl(dimethyl)azanium,242.46
706,16,CCCCCCC[N+](C)(CC(C)C)C(C)(C)C,CCCCCCC[N+](C)(CC(C)C)C(C)(C)C,True,,,
707,16,CCCCCCC[N+](C)(CC(C)C)CC(C)C,CCCCCCC[N+](C)(CC(C)C)CC(C)C,True,,,
708,16,CCCCCCC[N+](C)(CC(C)CC)C(C)C,CCCCCCC[N+](C)(CC(C)CC)C(C)C,True,,,
709,16,CCCCCCC[N+](C)(CC)CCCCCC,CCCCCCC[N+](C)(CC)CCCCCC,True,175528723.0,ethyl-heptyl-hexyl-methylazanium,242.46
710,16,CCCCCCC[N+](C)(CCC(C)C)C(C)C,CCCCCCC[N+](C)(CCC(C)C)C(C)C,True,,,
711,16,CCCCCCC[N+](C)(CCC)C(C)CCC,CCCCCCC[N+](C)(CCC)C(C)CCC,True,,,
712,16,CCCCCCC[N+](C)(CCC)CC(C)CC,CCCCCCC[N+](C)(CCC)CC(C)CC,True,,,
713,16,CCCCCCC[N+](C)(CCC)CCC(C)C,CCCCCCC[N+](C)(CCC)CCC(C)C,True,,,
714,16,CCCCCCC[N+](C)(CCC)CCCCC,CCCCCCC[N+](C)(CCC)CCCCC,True,71382092.0,heptyl-methyl-pentyl-propylazanium,242.46
715,16,CCCCCCC[N+](C)(CCCC)C(C)(C)C,CCCCCCC[N+](C)(CCCC)C(C)(C)C,True,,,
716,16,CCCCCCC[N+](C)(CCCC)CC(C)C,CCCCCCC[N+](C)(CCCC)CC(C)C,True,,,
717,16,CCCCCCC[N+](C)(CCCC)CCCC,CCCCCCC[N+](C)(CCCC)CCCC,True,150372540.0,dibutyl-heptyl-methylazanium,242.46
718,16,CCCCCCC[N+](C)(CCCCC)C(C)C,CCCCCCC[N+](C)(CCCCC)C(C)C,True,,,
719,16,CCCCCCC[N+](CC)(C(C)C)C(C)(C)C,CCCCCCC[N+](CC)(C(C)C)C(C)(C)C,True,,,
720,16,CCCCCCC[N+](CC)(CC(C)C)C(C)C,CCCCCCC[N+](CC)(CC(C)C)C(C)C,True,,,
721,16,CCCCCCC[N+](CC)(CC)C(C)CCC,CCCCCCC[N+](CC)(CC)C(C)CCC,True,,,
722,16,CCCCCCC[N+](CC)(CC)CC(C)CC,CCCCCCC[N+](CC)(CC)CC(C)CC,True,,,
723,16,CCCCCCC[N+](CC)(CC)CCC(C)C,CCCCCCC[N+](CC)(CC)CCC(C)C,True,,,
724,16,CCCCCCC[N+](CC)(CC)CCCCC,CCCCCCC[N+](CC)(CC)CCCCC,True,,,
725,16,CCCCCCC[N+](CC)(CCC)C(C)(C)C,CCCCCCC[N+](CC)(CCC)C(C)(C)C,True,,,
726,16,CCCCCCC[N+](CC)(CCC)CC(C)C,CCCCCCC[N+](CC)(CCC)CC(C)C,True,,,
727,16,CCCCCCC[N+](CC)(CCC)CCCC,CCCCCCC[N+](CC)(CCC)CCCC,True,,,
728,16,CCCCCCC[N+](CC)(CCCC)C(C)C,CCCCCCC[N+](CC)(CCCC)C(C)C,True,,,
729,16,CCCCCCC[N+](CCC)(C(C)C)C(C)C,CCCCCCC[N+](CCC)(C(C)C)C(C)C,True,,,
730,16,CCCCCCC[N+](CCC)(CCC)C(C)C,CCCCCCC[N+](CCC)(CCC)C(C)C,True,,,
731,16,CCCCCCC[N+](CCC)(CCC)CCC,CCCCCCC[N+](CCC)(CCC)CCC,True,20266119.0,heptyl(tripropyl)azanium,242.46
732,16,CCCCCC[N+](C(C)C)(C(C)C)C(C)(C)C,CCCCCC[N+](C(C)C)(C(C)C)C(C)(C)C,True,,,
733,16,CCCCCC[N+](C)(C(C)CCC)C(C)(C)C,CCCCCC[N+](C)(C(C)CCC)C(C)(C)C,True,,,
734,16,CCCCCC[N+](C)(CC(C)C)C(C)CCC,CCCCCC[N+](C)(CC(C)C)C(C)CCC,True,,,
735,16,CCCCCC[N+](C)(CC(C)C)CC(C)CC,CCCCCC[N+](C)(CC(C)C)CC(C)CC,True,,,
736,16,CCCCCC[N+](C)(CC(C)CC)C(C)(C)C,CCCCCC[N+](C)(CC(C)CC)C(C)(C)C,True,,,
737,16,CCCCCC[N+](C)(CCC(C)C)C(C)(C)C,CCCCCC[N+](C)(CCC(C)C)C(C)(C)C,True,,,
738,16,CCCCCC[N+](C)(CCC(C)C)CC(C)C,CCCCCC[N+](C)(CCC(C)C)CC(C)C,True,,,
739,16,CCCCCC[N+](C)(CCC)CCCCCC,CCCCCC[N+](C)(CCC)CCCCCC,True,58935187.0,dihexyl-methyl-propylazanium,242.46
740,16,CCCCCC[N+](C)(CCCC)C(C)CCC,CCCCCC[N+](C)(CCCC)C(C)CCC,True,,,
741,16,CCCCCC[N+](C)(CCCC)CC(C)CC,CCCCCC[N+](C)(CCCC)CC(C)CC,True,,,
742,16,CCCCCC[N+](C)(CCCC)CCC(C)C,CCCCCC[N+](C)(CCCC)CCC(C)C,True,,,
743,16,CCCCCC[N+](C)(CCCC)CCCCC,CCCCCC[N+](C)(CCCC)CCCCC,True,87508904.0,butyl-hexyl-methyl-pentylazanium,242.46
744,16,CCCCCC[N+](C)(CCCCC)C(C)(C)C,CCCCCC[N+](C)(CCCCC)C(C)(C)C,True,,,
745,16,CCCCCC[N+](C)(CCCCC)CC(C)C,CCCCCC[N+](C)(CCCCC)CC(C)C,True,,,
746,16,CCCCCC[N+](C)(CCCCCC)C(C)C,CCCCCC[N+](C)(CCCCCC)C(C)C,True,,,
747,16,CCCCCC[N+](CC(C)C)(C(C)C)C(C)C,CCCCCC[N+](CC(C)C)(C(C)C)C(C)C,True,,,
748,16,CCCCCC[N+](CC)(C(C)(C)C)C(C)(C)C,CCCCCC[N+](CC)(C(C)(C)C)C(C)(C)C,True,,,
749,16,CCCCCC[N+](CC)(C(C)C)C(C)CCC,CCCCCC[N+](CC)(C(C)C)C(C)CCC,True,,,
750,16,CCCCCC[N+](CC)(CC(C)C)C(C)(C)C,CCCCCC[N+](CC)(CC(C)C)C(C)(C)C,True,,,
751,16,CCCCCC[N+](CC)(CC(C)C)CC(C)C,CCCCCC[N+](CC)(CC(C)C)CC(C)C,True,,,
752,16,CCCCCC[N+](CC)(CC(C)CC)C(C)C,CCCCCC[N+](CC)(CC(C)CC)C(C)C,True,,,
753,16,CCCCCC[N+](CC)(CC)CCCCCC,CCCCCC[N+](CC)(CC)CCCCCC,True,20092195.0,diethyl(dihexyl)azanium,242.46
754,16,CCCCCC[N+](CC)(CCC(C)C)C(C)C,CCCCCC[N+](CC)(CCC(C)C)C(C)C,True,,,
755,16,CCCCCC[N+](CC)(CCC)C(C)CCC,CCCCCC[N+](CC)(CCC)C(C)CCC,True,,,
756,16,CCCCCC[N+](CC)(CCC)CC(C)CC,CCCCCC[N+](CC)(CCC)CC(C)CC,True,,,
757,16,CCCCCC[N+](CC)(CCC)CCC(C)C,CCCCCC[N+](CC)(CCC)CCC(C)C,True,,,
758,16,CCCCCC[N+](CC)(CCC)CCCCC,CCCCCC[N+](CC)(CCC)CCCCC,True,,,
759,16,CCCCCC[N+](CC)(CCCC)C(C)(C)C,CCCCCC[N+](CC)(CCCC)C(C)(C)C,True,,,
760,16,CCCCCC[N+](CC)(CCCC)CC(C)C,CCCCCC[N+](CC)(CCCC)CC(C)C,True,,,
761,16,CCCCCC[N+](CC)(CCCC)CCCC,CCCCCC[N+](CC)(CCCC)CCCC,True,151792739.0,dibutyl-ethyl-hexylazanium,242.46
762,16,CCCCCC[N+](CC)(CCCCC)C(C)C,CCCCCC[N+](CC)(CCCCC)C(C)C,True,,,
763,16,CCCCCC[N+](CCC)(C(C)C)C(C)(C)C,CCCCCC[N+](CCC)(C(C)C)C(C)(C)C,True,,,
764,16,CCCCCC[N+](CCC)(CC(C)C)C(C)C,CCCCCC[N+](CCC)(CC(C)C)C(C)C,True,,,
765,16,CCCCCC[N+](CCC)(CCC)C(C)(C)C,CCCCCC[N+](CCC)(CCC)C(C)(C)C,True,,,
766,16,CCCCCC[N+](CCC)(CCC)CC(C)C,CCCCCC[N+](CCC)(CCC)CC(C)C,True,,,
767,16,CCCCCC[N+](CCC)(CCC)CCCC,CCCCCC[N+](CCC)(CCC)CCCC,True,23088825.0,butyl-hexyl-dipropylazanium,242.46
768,16,CCCCCC[N+](CCC)(CCCC)C(C)C,CCCCCC[N+](CCC)(CCCC)C(C)C,True,,,
769,16,CCCCCC[N+](CCCC)(C(C)C)C(C)C,CCCCCC[N+](CCCC)(C(C)C)C(C)C,True,,,
770,16,CCCCC[N+](C(C)C)(C(C)(C)C)C(C)(C)C,CCCCC[N+](C(C)C)(C(C)(C)C)C(C)(C)C,True,,,
771,16,CCCCC[N+](C(C)C)(C(C)C)C(C)CCC,CCCCC[N+](C(C)C)(C(C)C)C(C)CCC,True,,,
772,16,CCCCC[N+](C)(C(C)CCC)C(C)CCC,CCCCC[N+](C)(C(C)CCC)C(C)CCC,True,,,
773,16,CCCCC[N+](C)(CC(C)CC)C(C)CCC,CCCCC[N+](C)(CC(C)CC)C(C)CCC,True,,,
774,16,CCCCC[N+](C)(CC(C)CC)CC(C)CC,CCCCC[N+](C)(CC(C)CC)CC(C)CC,True,,,
775,16,CCCCC[N+](C)(CCC(C)C)C(C)CCC,CCCCC[N+](C)(CCC(C)C)C(C)CCC,True,,,
776,16,CCCCC[N+](C)(CCC(C)C)CC(C)CC,CCCCC[N+](C)(CCC(C)C)CC(C)CC,True,,,
777,16,CCCCC[N+](C)(CCC(C)C)CCC(C)C,CCCCC[N+](C)(CCC(C)C)CCC(C)C,True,,,
778,16,CCCCC[N+](C)(CCCCC)C(C)CCC,CCCCC[N+](C)(CCCCC)C(C)CCC,True,,,
779,16,CCCCC[N+](C)(CCCCC)CC(C)CC,CCCCC[N+](C)(CCCCC)CC(C)CC,True,,,
780,16,CCCCC[N+](C)(CCCCC)CCC(C)C,CCCCC[N+](C)(CCCCC)CCC(C)C,True,,,
781,16,CCCCC[N+](C)(CCCCC)CCCCC,CCCCC[N+](C)(CCCCC)CCCCC,True,13767188.0,methyl(tripentyl)azanium,242.46
782,16,CCCCC[N+](CC(C)C)(C(C)C)C(C)(C)C,CCCCC[N+](CC(C)C)(C(C)C)C(C)(C)C,True,,,
783,16,CCCCC[N+](CC(C)C)(CC(C)C)C(C)C,CCCCC[N+](CC(C)C)(CC(C)C)C(C)C,True,,,
784,16,CCCCC[N+](CC(C)CC)(C(C)C)C(C)C,CCCCC[N+](CC(C)CC)(C(C)C)C(C)C,True,,,
785,16,CCCCC[N+](CC)(C(C)CCC)C(C)(C)C,CCCCC[N+](CC)(C(C)CCC)C(C)(C)C,True,,,
786,16,CCCCC[N+](CC)(CC(C)C)C(C)CCC,CCCCC[N+](CC)(CC(C)C)C(C)CCC,True,,,
787,16,CCCCC[N+](CC)(CC(C)C)CC(C)CC,CCCCC[N+](CC)(CC(C)C)CC(C)CC,True,,,
788,16,CCCCC[N+](CC)(CC(C)CC)C(C)(C)C,CCCCC[N+](CC)(CC(C)CC)C(C)(C)C,True,,,
789,16,CCCCC[N+](CC)(CCC(C)C)C(C)(C)C,CCCCC[N+](CC)(CCC(C)C)C(C)(C)C,True,,,
790,16,CCCCC[N+](CC)(CCC(C)C)CC(C)C,CCCCC[N+](CC)(CCC(C)C)CC(C)C,True,,,
791,16,CCCCC[N+](CC)(CCCC)C(C)CCC,CCCCC[N+](CC)(CCCC)C(C)CCC,True,,,
792,16,CCCCC[N+](CC)(CCCC)CC(C)CC,CCCCC[N+](CC)(CCCC)CC(C)CC,True,,,
793,16,CCCCC[N+](CC)(CCCC)CCC(C)C,CCCCC[N+](CC)(CCCC)CCC(C)C,True,,,
794,16,CCCCC[N+](CC)(CCCC)CCCCC,CCCCC[N+](CC)(CCCC)CCCCC,True,118020801.0,butyl-ethyl-dipentylazanium,242.46
795,16,CCCCC[N+](CC)(CCCCC)C(C)(C)C,CCCCC[N+](CC)(CCCCC)C(C)(C)C,True,,,
796,16,CCCCC[N+](CC)(CCCCC)CC(C)C,CCCCC[N+](CC)(CCCCC)CC(C)C,True,87479471.0,ethyl-(2-methylpropyl)-dipentylazanium,242.46
797,16,CCCCC[N+](CCC(C)C)(C(C)C)C(C)C,CCCCC[N+](CCC(C)C)(C(C)C)C(C)C,True,,,
798,16,CCCCC[N+](CCC)(C(C)(C)C)C(C)(C)C,CCCCC[N+](CCC)(C(C)(C)C)C(C)(C)C,True,,,
799,16,CCCCC[N+](CCC)(C(C)C)C(C)CCC,CCCCC[N+](CCC)(C(C)C)C(C)CCC,True,,,
800,16,CCCCC[N+](CCC)(CC(C)C)C(C)(C)C,CCCCC[N+](CCC)(CC(C)C)C(C)(C)C,True,,,
801,16,CCCCC[N+](CCC)(CC(C)C)CC(C)C,CCCCC[N+](CCC)(CC(C)C)CC(C)C,True,,,
802,16,CCCCC[N+](CCC)(CC(C)CC)C(C)C,CCCCC[N+](CCC)(CC(C)CC)C(C)C,True,,,
803,16,CCCCC[N+](CCC)(CCC(C)C)C(C)C,CCCCC[N+](CCC)(CCC(C)C)C(C)C,True,,,
804,16,CCCCC[N+](CCC)(CCC)C(C)CCC,CCCCC[N+](CCC)(CCC)C(C)CCC,True,,,
805,16,CCCCC[N+](CCC)(CCC)CC(C)CC,CCCCC[N+](CCC)(CCC)CC(C)CC,True,,,
806,16,CCCCC[N+](CCC)(CCC)CCC(C)C,CCCCC[N+](CCC)(CCC)CCC(C)C,True,,,
807,16,CCCCC[N+](CCC)(CCC)CCCCC,CCCCC[N+](CCC)(CCC)CCCCC,True,85717237.0,dipentyl(dipropyl)azanium,242.46
808,16,CCCCC[N+](CCC)(CCCC)C(C)(C)C,CCCCC[N+](CCC)(CCCC)C(C)(C)C,True,,,
809,16,CCCCC[N+](CCC)(CCCC)CC(C)C,CCCCC[N+](CCC)(CCCC)CC(C)C,True,,,
810,16,CCCCC[N+](CCC)(CCCC)CCCC,CCCCC[N+](CCC)(CCCC)CCCC,True,142514259.0,dibutyl-pentyl-propylazanium,242.46
811,16,CCCCC[N+](CCC)(CCCCC)C(C)C,CCCCC[N+](CCC)(CCCCC)C(C)C,True,,,
812,16,CCCCC[N+](CCCC)(C(C)C)C(C)(C)C,CCCCC[N+](CCCC)(C(C)C)C(C)(C)C,True,,,
813,16,CCCCC[N+](CCCC)(CC(C)C)C(C)C,CCCCC[N+](CCCC)(CC(C)C)C(C)C,True,,,
814,16,CCCCC[N+](CCCC)(CCCC)C(C)C,CCCCC[N+](CCCC)(CCCC)C(C)C,True,,,
815,16,CCCCC[N+](CCCCC)(C(C)C)C(C)C,CCCCC[N+](CCCCC)(C(C)C)C(C)C,True,,,
816,16,CCCC[N+](C(C)(C)C)(C(C)(C)C)C(C)(C)C,CCCC[N+](C(C)(C)C)(C(C)(C)C)C(C)(C)C,True,,,
817,16,CCCC[N+](C(C)C)(C(C)CCC)C(C)(C)C,CCCC[N+](C(C)C)(C(C)CCC)C(C)(C)C,True,,,
818,16,CCCC[N+](CC(C)C)(C(C)(C)C)C(C)(C)C,CCCC[N+](CC(C)C)(C(C)(C)C)C(C)(C)C,True,,,
819,16,CCCC[N+](CC(C)C)(C(C)C)C(C)CCC,CCCC[N+](CC(C)C)(C(C)C)C(C)CCC,True,,,
820,16,CCCC[N+](CC(C)C)(CC(C)C)C(C)(C)C,CCCC[N+](CC(C)C)(CC(C)C)C(C)(C)C,True,,,
821,16,CCCC[N+](CC(C)C)(CC(C)C)CC(C)C,CCCC[N+](CC(C)C)(CC(C)C)CC(C)C,True,,,
822,16,CCCC[N+](CC(C)C)(CC(C)CC)C(C)C,CCCC[N+](CC(C)C)(CC(C)CC)C(C)C,True,,,
823,16,CCCC[N+](CC(C)CC)(C(C)C)C(C)(C)C,CCCC[N+](CC(C)CC)(C(C)C)C(C)(C)C,True,,,
824,16,CCCC[N+](CC)(C(C)CCC)C(C)CCC,CCCC[N+](CC)(C(C)CCC)C(C)CCC,True,,,
825,16,CCCC[N+](CC)(CC(C)CC)C(C)CCC,CCCC[N+](CC)(CC(C)CC)C(C)CCC,True,,,
826,16,CCCC[N+](CC)(CC(C)CC)CC(C)CC,CCCC[N+](CC)(CC(C)CC)CC(C)CC,True,,,
827,16,CCCC[N+](CC)(CCC(C)C)C(C)CCC,CCCC[N+](CC)(CCC(C)C)C(C)CCC,True,,,
828,16,CCCC[N+](CC)(CCC(C)C)CC(C)CC,CCCC[N+](CC)(CCC(C)C)CC(C)CC,True,,,
829,16,CCCC[N+](CC)(CCC(C)C)CCC(C)C,CCCC[N+](CC)(CCC(C)C)CCC(C)C,True,,,
830,16,CCCC[N+](CCC(C)C)(C(C)C)C(C)(C)C,CCCC[N+](CCC(C)C)(C(C)C)C(C)(C)C,True,,,
831,16,CCCC[N+](CCC(C)C)(CC(C)C)C(C)C,CCCC[N+](CCC(C)C)(CC(C)C)C(C)C,True,,,
832,16,CCCC[N+](CCC)(C(C)CCC)C(C)(C)C,CCCC[N+](CCC)(C(C)CCC)C(C)(C)C,True,,,
833,16,CCCC[N+](CCC)(CC(C)C)C(C)CCC,CCCC[N+](CCC)(CC(C)C)C(C)CCC,True,,,
834,16,CCCC[N+](CCC)(CC(C)C)CC(C)CC,CCCC[N+](CCC)(CC(C)C)CC(C)CC,True,,,
835,16,CCCC[N+](CCC)(CC(C)CC)C(C)(C)C,CCCC[N+](CCC)(CC(C)CC)C(C)(C)C,True,,,
836,16,CCCC[N+](CCC)(CCC(C)C)C(C)(C)C,CCCC[N+](CCC)(CCC(C)C)C(C)(C)C,True,,,
837,16,CCCC[N+](CCC)(CCC(C)C)CC(C)C,CCCC[N+](CCC)(CCC(C)C)CC(C)C,True,,,
838,16,CCCC[N+](CCC)(CCCC)C(C)CCC,CCCC[N+](CCC)(CCCC)C(C)CCC,True,,,
839,16,CCCC[N+](CCC)(CCCC)CC(C)CC,CCCC[N+](CCC)(CCCC)CC(C)CC,True,,,
840,16,CCCC[N+](CCC)(CCCC)CCC(C)C,CCCC[N+](CCC)(CCCC)CCC(C)C,True,,,
841,16,CCCC[N+](CCCC)(C(C)(C)C)C(C)(C)C,CCCC[N+](CCCC)(C(C)(C)C)C(C)(C)C,True,160013765.0,dibutyl(ditert-butyl)azanium,242.46
842,16,CCCC[N+](CCCC)(C(C)C)C(C)CCC,CCCC[N+](CCCC)(C(C)C)C(C)CCC,True,,,
843,16,CCCC[N+](CCCC)(CC(C)C)C(C)(C)C,CCCC[N+](CCCC)(CC(C)C)C(C)(C)C,True,,,
844,16,CCCC[N+](CCCC)(CC(C)C)CC(C)C,CCCC[N+](CCCC)(CC(C)C)CC(C)C,True,57477251.0,dibutyl-bis(2-methylpropyl)azanium,242.46
845,16,CCCC[N+](CCCC)(CC(C)CC)C(C)C,CCCC[N+](CCCC)(CC(C)CC)C(C)C,True,,,
846,16,CCCC[N+](CCCC)(CCC(C)C)C(C)C,CCCC[N+](CCCC)(CCC(C)C)C(C)C,True,,,
847,16,CCCC[N+](CCCC)(CCCC)C(C)(C)C,CCCC[N+](CCCC)(CCCC)C(C)(C)C,True,124089705.0,tributyl(tert-butyl)azanium,242.46
848,16,CCCC[N+](CCCC)(CCCC)CC(C)C,CCCC[N+](CCCC)(CCCC)CC(C)C,True,19858534.0,tributyl(2-methylpropyl)azanium,242.46
849,16,CCCC[N+](CCCC)(CCCC)CCCC,CCCC[N+](CCCC)(CCCC)CCCC,True,16028.0,tetrabutylazanium,242.46
850,16,CCC[N+](CC(C)C)(CC(C)C)CC(C)CC,CCC[N+](CC(C)C)(CC(C)C)CC(C)CC,True,,,
851,16,CCC[N+](CC(C)C)(CC(C)CC)C(C)(C)C,CCC[N+](CC(C)C)(CC(C)CC)C(C)(C)C,True,,,
852,16,CCC[N+](CC(C)CC)(C(C)(C)C)C(C)(C)C,CCC[N+](CC(C)CC)(C(C)(C)C)C(C)(C)C,True,,,
853,16,CCC[N+](CC(C)CC)(CC(C)CC)C(C)C,CCC[N+](CC(C)CC)(CC(C)CC)C(C)C,True,,,
854,16,CCC[N+](CCC(C)C)(C(C)(C)C)C(C)(C)C,CCC[N+](CCC(C)C)(C(C)(C)C)C(C)(C)C,True,,,
855,16,CCC[N+](CCC(C)C)(CC(C)C)C(C)(C)C,CCC[N+](CCC(C)C)(CC(C)C)C(C)(C)C,True,,,
856,16,CCC[N+](CCC(C)C)(CC(C)C)CC(C)C,CCC[N+](CCC(C)C)(CC(C)C)CC(C)C,True,,,
857,16,CCC[N+](CCC(C)C)(CC(C)CC)C(C)C,CCC[N+](CCC(C)C)(CC(C)CC)C(C)C,True,,,
858,16,CCC[N+](CCC(C)C)(CCC(C)C)C(C)C,CCC[N+](CCC(C)C)(CCC(C)C)C(C)C,True,,,
859,16,CCC[N+](CCC)(CC(C)CC)CC(C)CC,CCC[N+](CCC)(CC(C)CC)CC(C)CC,True,,,
860,16,CCC[N+](CCC)(CCC(C)C)CC(C)CC,CCC[N+](CCC)(CCC(C)C)CC(C)CC,True,,,
861,16,CCC[N+](CCC)(CCC(C)C)CCC(C)C,CCC[N+](CCC)(CCC(C)C)CCC(C)C,True,127262902.0,bis(3-methylbutyl)-dipropylazanium,242.46
862,16,CC[N+](CCC(C)C)(CCC(C)C)C(C)(C)C,CC[N+](CCC(C)C)(CCC(C)C)C(C)(C)C,True,,,
863,16,CC[N+](CCC(C)C)(CCC(C)C)CC(C)C,CC[N+](CCC(C)C)(CCC(C)C)CC(C)C,True,,,
